{"stats":{"minecraft:crafted":{"minecraft:oak_planks":436,"epicsamurai:silver_ingot":51,"epicsamurai:gray_samurai_chestplate":1,"ars_nouveau:archwood_planks":32,"epicsamurai:green_samurai_chestplate":1,"minecraft:cooked_chicken":19,"minecraft:diamond_shovel":1,"minecraft:cooked_mutton":73,"minecraft:glass":30,"epicsamurai:iron_samurai_helmet":3,"minecraft:iron_boots":1,"minecraft:chest":11,"epicsamurai:white_samurai_helmet":1,"epicsamurai:green_samurai_helmet":1,"minecraft:cooked_porkchop":99,"minecraft:crafting_table":3,"travelersbackpack:standard":2,"minecraft:baked_potato":161,"minecraft:iron_helmet":1,"epicsamurai:green_samurai_boots":2,"travelersbackpack:blue_sleeping_bag":2,"minecraft:iron_chestplate":1,"minecraft:diamond_pickaxe":1,"minecraft:shield":3,"minecraft:stick":94,"minecraft:iron_ingot":376,"minecraft:iron_pickaxe":10,"minecraft:stone_sword":3,"minecraft:gold_ingot":48,"epicsamurai:gray_samurai_leggings":1,"minecraft:wooden_sword":1,"epicsamurai:katana":4,"minecraft:raw_iron":9,"minecraft:iron_nugget":270,"epicsamurai:white_samurai_chestplate":1,"epicsamurai:iron_samurai_chestplate":4,"epicsamurai:straw_hat":2,"minecraft:furnace":2,"minecraft:bone_meal":42,"epicsamurai:iron_samurai_leggings":4,"minecraft:flint_and_steel":1,"minecraft:iron_axe":1,"minecraft:stone_pickaxe":3,"irons_spellbooks:gold_spell_book":1,"minecraft:wheat":441,"minecraft:cooked_beef":122,"epicsamurai:katana_handle":4,"epicsamurai:gray_samurai_helmet":1,"travelersbackpack:backpack_tank":5,"travelersbackpack:black_sleeping_bag":1,"minecraft:bucket":2,"minecraft:stone_axe":1,"minecraft:acacia_boat":3,"minecraft:bread":181,"minecraft:air":0,"epicsamurai:white_samurai_boots":1,"minecraft:blue_dye":4,"minecraft:oak_boat":4,"minecraft:gold_nugget":45,"minecraft:blue_wool":4,"minecraft:iron_leggings":1,"minecraft:white_bed":2,"minecraft:acacia_planks":204,"epicsamurai:steel_ingot":88,"epicsamurai:white_samurai_leggings":1,"epicsamurai:iron_samurai_boots":4},"minecraft:mined":{"minecraft:attached_melon_stem":3,"minecraft:oak_sapling":1,"irons_spellbooks:armor_pile":10,"minecraft:sculk_vein":1,"minecraft:brewing_stand":1,"minecraft:obsidian":11,"travelersbackpack:blue_sleeping_bag":1,"minecraft:granite":31,"minecraft:budding_amethyst":2,"minecraft:acacia_log":39,"minecraft:grass_block":1422,"epicsamurai:silver_ore":24,"minecraft:cracked_polished_blackstone_bricks":9,"ars_nouveau:sourceberry_bush":1,"minecraft:crimson_fungus":2,"minecraft:spawner":1,"minecraft:polished_blackstone_bricks":17,"minecraft:magma_block":4,"epicsamurai:deepslate_jade_ore":5,"minecraft:weeping_vines_plant":6,"minecraft:tall_seagrass":3,"travelersbackpack:coal":1,"minecraft:raw_iron_block":1,"minecraft:iron_ore":251,"minecraft:barrel":3,"minecraft:fire":38,"minecraft:cobbled_deepslate":2,"minecraft:deepslate_lapis_ore":9,"ars_nouveau:red_archwood_log":17,"minecraft:sculk_shrieker":4,"minecraft:dirt_path":19,"minecraft:iron_bars":3,"epicsamurai:deepslate_silver_ore":35,"minecraft:orange_bed":7,"travelersbackpack:gray_sleeping_bag":1,"minecraft:deepslate_redstone_ore":8,"minecraft:red_bed":5,"minecraft:blackstone":2,"minecraft:kelp_plant":1,"minecraft:melon_stem":10,"minecraft:soul_fire":21,"minecraft:torch":3,"minecraft:blast_furnace":4,"minecraft:poppy":3,"minecraft:calcite":8,"ars_elemental:flashpine_pod":1,"minecraft:melon":25,"minecraft:chest":3,"minecraft:nether_quartz_ore":29,"minecraft:cobblestone":80,"minecraft:oak_planks":31,"minecraft:sugar_cane":3,"ars_nouveau:red_archwood_leaves":35,"minecraft:wall_torch":2,"minecraft:amethyst_block":37,"minecraft:pink_petals":5,"minecraft:skeleton_skull":5,"minecraft:nether_wart_block":1,"ars_nouveau:archwood_planks":1,"epicsamurai:aquamarine_ore":6,"minecraft:wheat":113,"minecraft:grass":1300,"minecraft:oak_log":109,"minecraft:acacia_fence":1,"minecraft:sand":30,"minecraft:dirt":320,"minecraft:smooth_basalt":5,"minecraft:netherrack":67,"minecraft:oak_leaves":134,"minecraft:deepslate":151,"minecraft:nether_gold_ore":21,"minecraft:diamond_ore":13,"minecraft:tuff":21,"epicsamurai:deepslate_onyx_ore":2,"minecraft:deepslate_diamond_ore":11,"minecraft:candle":3,"minecraft:dark_oak_fence":6,"epicsamurai:deepslate_ruby_ore":7,"minecraft:black_banner":2,"minecraft:crimson_roots":22,"minecraft:weeping_vines":1,"minecraft:red_mushroom":7,"minecraft:hay_block":95,"epicsamurai:onyx_ore":18,"minecraft:redstone_ore":13,"minecraft:furnace":15,"minecraft:carrots":22,"minecraft:acacia_wood":5,"minecraft:andesite":96,"minecraft:potatoes":100,"minecraft:deepslate_iron_ore":80,"minecraft:rail":2,"minecraft:stripped_acacia_log":3,"irons_spellbooks:inscription_table":3,"minecraft:stone":695,"minecraft:bone_block":75,"minecraft:acacia_leaves":44,"epicsamurai:jade_ore":22,"minecraft:glass_pane":7,"minecraft:basalt":1,"minecraft:dandelion":10,"travelersbackpack:standard":10,"epicsamurai:deepslate_aquamarine_ore":15,"minecraft:crafting_table":5,"minecraft:oak_wood":5,"minecraft:sculk_sensor":1,"minecraft:campfire":1,"minecraft:copper_ore":1,"minecraft:tall_grass":271,"minecraft:deepslate_coal_ore":1,"minecraft:lapis_ore":10,"minecraft:deepslate_gold_ore":65,"minecraft:diorite":22,"ars_elemental:yellow_archwood_log":17,"minecraft:sculk":2,"minecraft:black_wall_banner":2,"minecraft:white_wall_banner":1,"minecraft:coal_ore":276,"minecraft:cocoa":5,"minecraft:gravel":1,"minecraft:cobweb":33,"minecraft:acacia_planks":24,"minecraft:stone_bricks":1,"minecraft:gold_ore":29,"minecraft:fern":9,"epicsamurai:ruby_ore":9},"minecraft:killed_by":{"minecraft:creeper":1,"minecraft:pillager":1,"minecraft:ravager":1,"minecraft:vindicator":2,"minecraft:zombie":6,"minecraft:player":2,"minecraft:wolf":8,"irons_spellbooks:necromancer":1,"irons_spellbooks:summoned_vex":2,"irons_spellbooks:archevoker":9},"minecraft:custom":{"minecraft:animals_bred":38,"minecraft:interact_with_crafting_table":122,"minecraft:open_barrel":6,"minecraft:bell_ring":29,"minecraft:leave_game":57,"minecraft:time_since_death":65556,"minecraft:sprint_one_cm":3206244,"minecraft:damage_blocked_by_shield":4655,"minecraft:drop":401,"minecraft:talked_to_villager":3,"minecraft:play_time":1346668,"minecraft:deaths":36,"minecraft:jump":23854,"minecraft:walk_on_water_one_cm":120042,"minecraft:interact_with_furnace":315,"minecraft:sleep_in_bed":49,"minecraft:damage_dealt":117586,"minecraft:player_kills":3,"minecraft:crouch_one_cm":196073,"minecraft:horse_one_cm":2416,"minecraft:interact_with_anvil":1,"minecraft:mob_kills":591,"minecraft:climb_one_cm":3836,"minecraft:walk_one_cm":1895343,"minecraft:raid_win":1,"minecraft:sneak_time":93036,"minecraft:walk_under_water_one_cm":79254,"minecraft:boat_one_cm":974620,"minecraft:interact_with_blast_furnace":113,"minecraft:total_world_time":1346668,"minecraft:time_since_rest":65586,"minecraft:damage_taken":28012,"minecraft:minecart_one_cm":34359,"minecraft:swim_one_cm":306143,"minecraft:fly_one_cm":4139171,"minecraft:open_chest":720,"minecraft:aviate_one_cm":93463,"minecraft:fall_one_cm":578869},"minecraft:dropped":{"minecraft:crimson_stem":1,"minecraft:iron_sword":1,"minecraft:porkchop":13,"minecraft:cooked_beef":57,"minecraft:oak_log":17,"minecraft:baked_potato":66,"minecraft:diamond":2,"minecraft:crafting_table":3,"minecraft:cooked_porkchop":28,"minecraft:dark_oak_slab":1,"minecraft:crossbow":2,"minecraft:leather":25,"minecraft:cracked_stone_bricks":4,"irons_spellbooks:tarnished_helmet":2,"minecraft:elytra":1,"minecraft:black_banner":1,"minecraft:rail":3,"minecraft:leather_helmet":1,"minecraft:red_mushroom":30,"minecraft:emerald":4,"minecraft:flint":3,"minecraft:dirt":128,"minecraft:red_bed":2,"ars_nouveau:red_archwood_log":9,"minecraft:dark_oak_fence":6,"irons_spellbooks:hogskin":1,"minecraft:mutton":17,"minecraft:crimson_roots":22,"irons_spellbooks:cinder_essence":2,"epicsamurai:jade":20,"epicsamurai:gray_samurai_leggings":3,"minecraft:gold_nugget":22,"minecraft:wooden_sword":3,"irons_spellbooks:gold_spell_book":1,"epicsamurai:iron_samurai_boots":5,"minecraft:glistering_melon_slice":12,"minecraft:iron_pickaxe":7,"epicsamurai:aquamarine":3,"minecraft:gold_ingot":24,"minecraft:bone":4,"minecraft:gravel":4,"minecraft:crimson_fungus":4,"minecraft:goat_horn":1,"epicsamurai:gray_samurai_chestplate":3,"minecraft:iron_nugget":68,"epicsamurai:green_samurai_chestplate":2,"minecraft:cobbled_deepslate":25,"minecraft:wheat":37,"epicsamurai:katana":10,"minecraft:rotten_flesh":18,"minecraft:oak_planks":22,"minecraft:acacia_stairs":3,"minecraft:gunpowder":1,"minecraft:skeleton_skull":1,"minecraft:melon_seeds":16,"ars_nouveau:drygmy_shard":1,"minecraft:acacia_sapling":6,"epicsamurai:iron_samurai_helmet":5,"minecraft:spruce_slab":6,"minecraft:iron_bars":2,"minecraft:arrow":20,"minecraft:beef":21,"minecraft:quartz":11,"minecraft:acacia_fence":1,"minecraft:written_book":1,"minecraft:netherrack":12,"epicsamurai:iron_samurai_chestplate":5,"minecraft:water_bucket":1,"minecraft:iron_ingot":67,"minecraft:bread":123,"minecraft:wheat_seeds":524,"epicsamurai:raw_silver":7,"minecraft:lilac":1,"travelersbackpack:coal":1,"minecraft:netherite_helmet":3,"minecraft:poisonous_potato":2,"minecraft:netherite_axe":3,"minecraft:iron_helmet":3,"minecraft:feather":2,"minecraft:cobblestone":221,"minecraft:book":13,"minecraft:granite":20,"epicsamurai:white_samurai_leggings":1,"minecraft:coal":99,"minecraft:stick":54,"minecraft:cobweb":5,"irons_spellbooks:scroll":1,"ars_nouveau:worn_notebook":5,"minecraft:gray_wool":2,"epicsamurai:steel_ingot":7,"minecraft:diorite":7,"minecraft:torch":13,"minecraft:wooden_axe":1,"minecraft:fire_charge":1,"minecraft:potion":1,"minecraft:iron_leggings":2,"epicsamurai:gray_samurai_helmet":1,"minecraft:iron_axe":1,"minecraft:raw_iron_block":1,"minecraft:string":6,"minecraft:paper":4,"minecraft:acacia_planks":33,"minecraft:smooth_basalt":9,"minecraft:redstone":11,"ars_elemental:flashpine_pod":1,"minecraft:furnace":2,"epicsamurai:green_samurai_boots":4,"minecraft:stone_sword":3,"minecraft:raw_copper":3,"ars_nouveau:archwood_planks":1,"minecraft:tuff":2,"minecraft:raw_iron":29,"epicsamurai:white_samurai_chestplate":1,"minecraft:light_gray_wool":2,"minecraft:iron_boots":1,"epicsamurai:straw_hat":1,"minecraft:flint_and_steel":1,"minecraft:potato":11,"minecraft:hay_block":22,"minecraft:shield":5,"minecraft:diamond_pickaxe":1,"minecraft:iron_chestplate":3,"minecraft:andesite":35,"epicsamurai:ruby":1,"minecraft:oak_boat":2,"epicsamurai:iron_samurai_leggings":5,"minecraft:stone_bricks":6,"minecraft:spider_eye":1,"minecraft:bamboo":128,"minecraft:bow":3,"minecraft:raw_gold":53,"minecraft:calcite":7},"minecraft:broken":{"minecraft:stone_pickaxe":2,"minecraft:diamond_shovel":1,"minecraft:wooden_sword":1,"epicsamurai:red_samurai_leggings":1,"epicsamurai:white_samurai_helmet":1,"epicsamurai:white_samurai_boots":1,"epicsamurai:green_samurai_helmet":1,"minecraft:stone_sword":1,"epicsamurai:green_samurai_boots":1,"minecraft:shield":1,"minecraft:iron_axe":1,"minecraft:iron_pickaxe":7},"minecraft:picked_up":{"minecraft:wooden_axe":2,"irons_spellbooks:scroll":5,"minecraft:iron_chestplate":3,"minecraft:wheat":174,"epicsamurai:steel_ingot":6,"minecraft:lead":4,"minecraft:golden_shovel":5,"minecraft:brewing_stand":1,"minecraft:amethyst_block":38,"minecraft:string":68,"minecraft:raw_copper":3,"minecraft:armor_stand":3,"irons_spellbooks:arcane_essence":17,"minecraft:smooth_stone":2,"minecraft:gold_nugget":199,"minecraft:cobbled_deepslate":175,"minecraft:bucket":1,"minecraft:written_book":1,"minecraft:iron_pickaxe":6,"minecraft:calcite":7,"minecraft:melon_slice":139,"ars_elemental:flashpine_pod":4,"irons_spellbooks:inscription_table":3,"minecraft:furnace":16,"minecraft:stick":60,"minecraft:acacia_fence":1,"minecraft:torch":9,"minecraft:acacia_log":44,"minecraft:porkchop":148,"minecraft:diorite":11,"minecraft:goat_horn":1,"minecraft:orange_bed":7,"minecraft:stone_sword":1,"minecraft:rotten_flesh":104,"minecraft:obsidian":11,"minecraft:iron_bars":3,"ars_nouveau:drygmy_shard":1,"minecraft:cobblestone":835,"epicsamurai:green_samurai_boots":2,"minecraft:magma_block":4,"minecraft:pink_petals":11,"minecraft:lilac":1,"minecraft:feather":56,"minecraft:cooked_beef":21,"minecraft:magma_cream":2,"minecraft:andesite":102,"minecraft:potato":331,"minecraft:tuff":23,"minecraft:acacia_boat":1,"irons_spellbooks:keeper_flamberge":1,"minecraft:lapis_lazuli":189,"minecraft:dirt":1937,"irons_spellbooks:hogskin":6,"minecraft:bone":122,"minecraft:acacia_planks":85,"minecraft:bow":6,"minecraft:wheat_seeds":551,"minecraft:raw_gold":101,"minecraft:netherite_axe":4,"minecraft:bamboo":192,"epicsamurai:white_samurai_leggings":1,"minecraft:oak_planks":42,"epicsamurai:raw_silver":59,"epicsamurai:green_samurai_helmet":1,"minecraft:cooked_porkchop":3,"minecraft:poisonous_potato":2,"minecraft:sand":30,"minecraft:ink_sac":6,"ars_elemental:yellow_archwood_log":17,"minecraft:grass_block":1,"minecraft:acacia_stairs":3,"minecraft:barrel":3,"minecraft:stripped_acacia_log":3,"minecraft:diamond":65,"minecraft:netherite_helmet":10,"minecraft:cracked_polished_blackstone_bricks":9,"minecraft:crossbow":1,"minecraft:granite":33,"minecraft:bread":38,"epicsamurai:ruby":20,"minecraft:oak_sapling":31,"minecraft:netherrack":92,"minecraft:dark_oak_fence":6,"minecraft:crimson_roots":34,"epicsamurai:green_samurai_chestplate":1,"minecraft:charcoal":1,"ars_nouveau:red_archwood_log":17,"minecraft:cocoa_beans":14,"minecraft:crafting_table":9,"minecraft:chicken":20,"irons_spellbooks:tarnished_helmet":4,"minecraft:shield":4,"ars_nouveau:archwood_planks":9,"minecraft:red_bed":6,"minecraft:elytra":2,"minecraft:iron_axe":1,"minecraft:wooden_sword":4,"minecraft:netherite_scrap":6,"epicsamurai:jade":53,"minecraft:blackstone":2,"minecraft:cracked_stone_bricks":3,"minecraft:candle":4,"minecraft:netherite_sword":1,"minecraft:beef":109,"epicsamurai:akaname_tongue":27,"minecraft:oak_boat":4,"minecraft:iron_nugget":255,"minecraft:poppy":2,"minecraft:light_gray_wool":1,"minecraft:spruce_slab":4,"minecraft:minecart":3,"minecraft:sugar_cane":30,"minecraft:chest":3,"minecraft:egg":3,"minecraft:raw_iron":359,"minecraft:polished_blackstone_bricks":18,"minecraft:cookie":1,"minecraft:trident":1,"minecraft:carrot":74,"minecraft:redstone":152,"minecraft:arrow":111,"minecraft:weeping_vines":4,"minecraft:hay_block":95,"minecraft:gold_ingot":52,"minecraft:saddle":1,"epicsamurai:red_samurai_leggings":2,"minecraft:black_banner":4,"minecraft:mutton":63,"minecraft:bone_block":68,"minecraft:rail":3,"minecraft:skeleton_skull":6,"minecraft:white_wool":28,"minecraft:basalt":1,"minecraft:crimson_stem":1,"minecraft:leather":102,"minecraft:red_mushroom":30,"minecraft:acacia_wood":9,"minecraft:crimson_fungus":5,"minecraft:oak_log":105,"minecraft:nether_wart_block":1,"minecraft:gunpowder":36,"minecraft:paper":6,"minecraft:white_banner":6,"irons_spellbooks:common_ink":2,"epicsamurai:oni_horn":2,"minecraft:red_carpet":2,"minecraft:apple":4,"minecraft:stone_bricks":5,"minecraft:iron_ingot":23,"travelersbackpack:coal":2,"epicsamurai:white_samurai_boots":1,"irons_spellbooks:cinder_essence":18,"epicsamurai:aquamarine":22,"minecraft:iron_sword":1,"minecraft:acacia_sapling":6,"minecraft:book":19,"epicsamurai:onyx":26,"minecraft:smooth_basalt":9,"epicsamurai:katana":6,"minecraft:dark_oak_slab":4,"ars_nouveau:red_archwood_sapling":2,"minecraft:quartz":43,"minecraft:dandelion":6,"minecraft:raw_iron_block":1,"minecraft:gravel":4,"minecraft:amethyst_shard":24,"travelersbackpack:blue_sleeping_bag":1,"minecraft:blast_furnace":5,"minecraft:spider_eye":15,"minecraft:leather_helmet":3,"travelersbackpack:standard":10,"minecraft:oak_wood":4,"minecraft:slime_ball":12,"minecraft:iron_helmet":1,"minecraft:gray_wool":2,"minecraft:melon_seeds":28,"minecraft:black_wool":3,"epicsamurai:white_samurai_chestplate":1,"minecraft:coal":406,"minecraft:ender_pearl":1},"minecraft:used":{"epicsamurai:straw_hat":1,"minecraft:elytra":1,"minecraft:poppy":1,"minecraft:chest":11,"minecraft:shield":132,"minecraft:iron_sword":6,"minecraft:mutton":10,"minecraft:carrot":82,"minecraft:tuff":6,"minecraft:weeping_vines":1,"minecraft:obsidian":10,"minecraft:crimson_roots":12,"minecraft:red_carpet":2,"minecraft:magma_block":4,"minecraft:written_book":2,"minecraft:oak_sapling":14,"minecraft:furnace":16,"ars_nouveau:sourceberry_bush":1,"minecraft:egg":3,"minecraft:potato":171,"minecraft:diorite":4,"minecraft:oak_planks":156,"minecraft:stone_pickaxe":322,"minecraft:blackstone":1,"minecraft:cookie":1,"travelersbackpack:blue_sleeping_bag":1,"minecraft:black_banner":4,"ars_nouveau:archwood_planks":12,"minecraft:blast_furnace":4,"minecraft:netherite_helmet":2,"ars_elemental:flashpine_pod":6,"minecraft:crying_obsidian":3,"minecraft:melon_slice":43,"minecraft:string":1,"minecraft:bread":105,"minecraft:nether_wart_block":1,"minecraft:wooden_sword":75,"minecraft:andesite":104,"minecraft:oak_boat":7,"minecraft:bone_meal":42,"minecraft:trident":76,"minecraft:netherite_sword":240,"minecraft:iron_bars":1,"minecraft:stone_sword":172,"minecraft:flint_and_steel":4,"minecraft:armor_stand":1,"minecraft:orange_bed":5,"travelersbackpack:black_sleeping_bag":1,"minecraft:cooked_chicken":19,"minecraft:netherrack":43,"minecraft:torch":9,"minecraft:dirt":1004,"minecraft:golden_shovel":19,"minecraft:granite":14,"minecraft:wooden_axe":14,"minecraft:iron_axe":221,"ars_elemental:yellow_archwood_log":9,"minecraft:basalt":1,"minecraft:minecart":3,"minecraft:acacia_wood":3,"minecraft:cooked_beef":71,"minecraft:cobbled_deepslate":149,"minecraft:acacia_planks":79,"epicsamurai:gray_samurai_chestplate":1,"minecraft:wheat_seeds":20,"minecraft:cooked_mutton":59,"epicsamurai:iron_samurai_helmet":1,"minecraft:acacia_boat":3,"minecraft:water_bucket":49,"epicsamurai:green_samurai_chestplate":1,"minecraft:baked_potato":95,"travelersbackpack:coal":1,"minecraft:polished_blackstone_bricks":4,"minecraft:crafting_table":11,"minecraft:red_bed":4,"minecraft:white_bed":2,"minecraft:diamond_pickaxe":114,"minecraft:acacia_stairs":3,"minecraft:diamond_shovel":1570,"minecraft:cracked_polished_blackstone_bricks":2,"minecraft:chicken":3,"minecraft:iron_pickaxe":1950,"minecraft:netherite_axe":117,"minecraft:stone_axe":16,"minecraft:pink_petals":11,"epicsamurai:katana":1926,"minecraft:crimson_fungus":1,"minecraft:cobblestone":482,"travelersbackpack:standard":58,"minecraft:white_banner":5,"minecraft:cooked_porkchop":53,"minecraft:bucket":51,"irons_spellbooks:inscription_table":2},"minecraft:killed":{"minecraft:zombified_piglin":1,"minecraft:spider":31,"minecraft:skeleton":70,"minecraft:chicken":26,"irons_spellbooks:summoned_skeleton":7,"minecraft:piglin_brute":2,"minecraft:skeleton_horse":3,"irons_spellbooks:spectral_steed":1,"epicsamurai:enenra":3,"minecraft:magma_cube":22,"minecraft:wolf":10,"minecraft:piglin":10,"minecraft:pig":40,"epicsamurai:jorogumo":1,"irons_spellbooks:necromancer":4,"minecraft:creeper":14,"minecraft:sheep":34,"minecraft:pillager":36,"irons_spellbooks:summoned_vex":1,"minecraft:donkey":2,"minecraft:zombie":102,"minecraft:cow":57,"irons_spellbooks:summoned_zombie":13,"minecraft:vindicator":1,"minecraft:slime":9,"minecraft:horse":14,"epicsamurai:oni":1,"minecraft:drowned":1,"minecraft:husk":2,"ars_nouveau:drygmy":5,"ars_nouveau:starbuncle":3,"epicsamurai:akaname":22,"irons_spellbooks:citadel_keeper":10,"minecraft:ravager":1,"minecraft:hoglin":13,"minecraft:squid":2,"ars_nouveau:whirlisprig":4,"minecraft:villager":1,"minecraft:enderman":5}},"DataVersion":3465}