{"stats":{"minecraft:custom":{"minecraft:time_since_rest":10817,"minecraft:interact_with_furnace":7,"minecraft:sprint_one_cm":19286,"minecraft:walk_one_cm":20047,"minecraft:damage_taken":365,"minecraft:drop":13,"minecraft:damage_dealt":391,"minecraft:interact_with_crafting_table":2,"minecraft:fly_one_cm":18602,"minecraft:open_chest":13,"minecraft:crouch_one_cm":4883,"minecraft:play_time":10817,"minecraft:sneak_time":1084,"minecraft:jump":168,"minecraft:interact_with_blast_furnace":4,"minecraft:leave_game":3,"minecraft:time_since_death":10817,"minecraft:total_world_time":10817,"minecraft:fall_one_cm":5712},"minecraft:used":{"minecraft:cooked_mutton":2,"minecraft:netherite_sword":4,"minecraft:wither_skeleton_skull":1,"minecraft:baked_potato":3,"minecraft:dirt":2,"minecraft:cobblestone":52},"minecraft:crafted":{"minecraft:baked_potato":58,"minecraft:iron_pickaxe":3,"epicsamurai:steel_ingot":12,"minecraft:air":0},"minecraft:dropped":{"minecraft:wheat_seeds":4,"minecraft:baked_potato":20,"minecraft:netherite_sword":1,"epicsamurai:katana":1,"epicsamurai:iron_samurai_leggings":1,"epicsamurai:iron_samurai_helmet":1,"epicsamurai:iron_samurai_boots":1,"minecraft:iron_pickaxe":2,"minecraft:cooked_mutton":7,"epicsamurai:iron_samurai_chestplate":1},"minecraft:picked_up":{"minecraft:torch":1,"minecraft:wither_rose":1,"minecraft:wither_skeleton_skull":1,"minecraft:redstone":2,"minecraft:dirt":10,"minecraft:wheat_seeds":4,"minecraft:netherite_sword":1,"minecraft:cobbled_deepslate":26,"minecraft:cobblestone":3},"minecraft:mined":{"minecraft:grass":7,"minecraft:tall_grass":5}},"DataVersion":3465}