{"stats":{"minecraft:killed":{"minecraft:zombie":1},"minecraft:custom":{"minecraft:damage_absorbed":39,"minecraft:time_since_rest":10970,"minecraft:open_chest":2,"minecraft:crouch_one_cm":103,"minecraft:play_time":10970,"minecraft:sprint_one_cm":16908,"minecraft:damage_taken":384,"minecraft:walk_one_cm":24060,"minecraft:sneak_time":478,"minecraft:interact_with_anvil":1,"minecraft:mob_kills":1,"minecraft:drop":3,"minecraft:jump":264,"minecraft:damage_dealt":257,"minecraft:leave_game":1,"minecraft:time_since_death":10970,"minecraft:total_world_time":10970,"minecraft:fall_one_cm":10354,"minecraft:fly_one_cm":126212},"minecraft:picked_up":{"minecraft:cooked_mutton":7,"minecraft:rotten_flesh":2,"minecraft:cobbled_deepslate":22,"minecraft:netherite_sword":1,"minecraft:raw_iron_block":1,"minecraft:gravel":9,"minecraft:flint":2},"minecraft:used":{"minecraft:golden_apple":1,"minecraft:dirt":39,"minecraft:torch":3,"minecraft:diamond_pickaxe":1,"epicsamurai:katana":6,"minecraft:soul_sand":4,"minecraft:wither_skeleton_skull":1,"minecraft:bread":3,"minecraft:oak_planks":1},"minecraft:mined":{"minecraft:raw_iron_block":1},"minecraft:crafted":{"minecraft:golden_apple":1,"minecraft:torch":4},"minecraft:dropped":{"minecraft:wither_skeleton_skull":2,"minecraft:netherite_sword":1}},"DataVersion":3465}