{"stats":{"minecraft:custom":{"minecraft:animals_bred":16,"minecraft:interact_with_crafting_table":165,"minecraft:open_barrel":10,"minecraft:leave_game":21,"minecraft:time_since_death":3763,"minecraft:sprint_one_cm":2208686,"minecraft:damage_blocked_by_shield":2525,"minecraft:drop":200,"minecraft:talked_to_villager":4,"minecraft:play_time":1243115,"minecraft:deaths":49,"minecraft:jump":25316,"minecraft:walk_on_water_one_cm":64789,"minecraft:interact_with_furnace":187,"minecraft:sleep_in_bed":27,"minecraft:damage_dealt":63532,"minecraft:crouch_one_cm":339408,"minecraft:interact_with_anvil":17,"minecraft:mob_kills":265,"minecraft:climb_one_cm":1713,"minecraft:walk_one_cm":2485761,"minecraft:raid_win":1,"minecraft:sneak_time":102217,"minecraft:walk_under_water_one_cm":37078,"minecraft:boat_one_cm":104813,"minecraft:interact_with_lectern":1,"minecraft:interact_with_blast_furnace":56,"minecraft:total_world_time":1243115,"minecraft:raid_trigger":1,"minecraft:time_since_rest":17,"minecraft:damage_taken":21895,"minecraft:damage_absorbed":80,"minecraft:minecart_one_cm":119597,"minecraft:swim_one_cm":68049,"minecraft:fly_one_cm":4920824,"minecraft:open_chest":296,"minecraft:fall_one_cm":721812},"minecraft:killed":{"minecraft:cave_spider":6,"minecraft:spider":25,"minecraft:skeleton":36,"minecraft:chicken":6,"irons_spellbooks:summoned_skeleton":1,"epicsamurai:enenra":1,"minecraft:wolf":1,"minecraft:pig":1,"minecraft:iron_golem":1,"epicsamurai:jorogumo":1,"irons_spellbooks:necromancer":5,"minecraft:creeper":22,"minecraft:sheep":10,"minecraft:trader_llama":2,"minecraft:pillager":7,"minecraft:zombie":78,"minecraft:cow":21,"minecraft:vex":3,"irons_spellbooks:summoned_zombie":8,"minecraft:vindicator":3,"minecraft:drowned":1,"minecraft:warden":1,"minecraft:husk":6,"ars_nouveau:drygmy":1,"epicsamurai:akaname":4,"irons_spellbooks:citadel_keeper":6,"minecraft:ravager":1,"ars_nouveau:whirlisprig":2,"minecraft:enderman":1},"minecraft:dropped":{"minecraft:candle":2,"minecraft:moss_block":3,"minecraft:diamond_axe":2,"minecraft:lapis_lazuli":4,"minecraft:cooked_beef":3,"minecraft:baked_potato":2,"minecraft:dark_oak_sapling":2,"minecraft:dark_oak_slab":1,"travelersbackpack:standard":1,"minecraft:elytra":1,"minecraft:flint":5,"minecraft:dirt":17,"minecraft:dark_oak_fence":4,"epicsamurai:red_samurai_leggings":1,"epicsamurai:jade":27,"minecraft:gold_nugget":1,"minecraft:iron_pickaxe":1,"minecraft:white_wool":2,"minecraft:bone":20,"minecraft:stone_axe":3,"minecraft:iron_nugget":2,"epicsamurai:green_samurai_chestplate":1,"minecraft:cobbled_deepslate":164,"minecraft:obsidian":1,"epicsamurai:katana":2,"minecraft:rotten_flesh":37,"minecraft:oak_planks":283,"minecraft:diamond_shovel":1,"minecraft:white_bed":1,"epicsamurai:green_samurai_leggings":1,"minecraft:poppy":1,"minecraft:gunpowder":2,"ars_nouveau:drygmy_shard":1,"minecraft:spruce_slab":4,"minecraft:beef":3,"minecraft:egg":5,"minecraft:iron_ingot":1,"minecraft:bread":30,"minecraft:wheat_seeds":39,"epicsamurai:green_samurai_helmet":1,"minecraft:netherite_helmet":1,"minecraft:netherite_axe":2,"minecraft:iron_helmet":1,"minecraft:feather":2,"minecraft:cobblestone":40,"minecraft:book":12,"minecraft:coal":6,"minecraft:stick":5,"irons_spellbooks:scroll":1,"ars_nouveau:worn_notebook":2,"minecraft:gray_wool":1,"minecraft:diorite":16,"minecraft:torch":7,"minecraft:wooden_axe":1,"minecraft:melon_slice":4,"minecraft:iron_axe":3,"minecraft:smooth_stone":2,"minecraft:orange_bed":1,"minecraft:iron_shovel":4,"minecraft:paper":15,"minecraft:string":7,"minecraft:acacia_planks":4,"minecraft:dandelion":3,"epicsamurai:green_samurai_boots":1,"ars_nouveau:archwood_planks":8,"epicsamurai:red_samurai_boots":1,"minecraft:spruce_fence":5,"minecraft:hay_block":15,"minecraft:shield":1,"minecraft:spruce_planks":690,"minecraft:iron_chestplate":4,"minecraft:andesite":30,"epicsamurai:ruby":7,"minecraft:oak_boat":1,"minecraft:spider_eye":3,"minecraft:stone_bricks":2,"minecraft:bow":1,"minecraft:stone_pickaxe":1,"minecraft:wooden_pickaxe":1},"minecraft:killed_by":{"minecraft:creeper":3,"minecraft:ravager":7,"minecraft:vindicator":1,"irons_spellbooks:citadel_keeper":1,"minecraft:cave_spider":1,"minecraft:zombie":5,"minecraft:husk":1,"minecraft:player":2,"irons_spellbooks:summoned_skeleton":1,"minecraft:spider":1,"minecraft:warden":3,"irons_spellbooks:necromancer":2,"minecraft:skeleton":4,"irons_spellbooks:archevoker":1},"minecraft:mined":{"minecraft:large_amethyst_bud":3,"minecraft:spruce_planks":582,"minecraft:white_bed":7,"irons_spellbooks:armor_pile":12,"minecraft:obsidian":20,"minecraft:granite":31,"minecraft:acacia_log":11,"minecraft:grass_block":602,"epicsamurai:silver_ore":2,"minecraft:soul_soil":4,"ars_nouveau:sourceberry_bush":1,"minecraft:spawner":6,"minecraft:tall_seagrass":1,"epicsamurai:deepslate_jade_ore":29,"minecraft:iron_ore":164,"minecraft:cobbled_deepslate":2,"minecraft:fire":2,"minecraft:deepslate_lapis_ore":13,"minecraft:sculk_shrieker":2,"minecraft:dirt_path":29,"epicsamurai:deepslate_silver_ore":7,"minecraft:azalea":2,"minecraft:spruce_slab":13,"minecraft:deepslate_redstone_ore":10,"minecraft:medium_amethyst_bud":2,"minecraft:amethyst_cluster":6,"minecraft:clay":9,"minecraft:torch":34,"minecraft:poppy":1,"minecraft:chest":2,"minecraft:cobblestone":105,"minecraft:oak_planks":99,"minecraft:sugar_cane":5,"ars_nouveau:red_archwood_leaves":3,"minecraft:wall_torch":12,"minecraft:amethyst_block":5,"minecraft:pink_petals":31,"minecraft:seagrass":1,"minecraft:powered_rail":4,"minecraft:dark_oak_slab":1,"minecraft:birch_log":128,"ars_nouveau:archwood_planks":7,"minecraft:wheat":146,"epicsamurai:aquamarine_ore":5,"minecraft:grass":296,"minecraft:oak_log":327,"minecraft:dark_oak_sapling":3,"minecraft:sand":37,"minecraft:dirt":1825,"minecraft:wither_skeleton_skull":3,"minecraft:netherrack":148,"minecraft:oak_leaves":473,"minecraft:deepslate":344,"minecraft:tuff":22,"ars_elemental:yellow_archwood_leaves":24,"epicsamurai:deepslate_onyx_ore":2,"minecraft:dark_oak_leaves":46,"minecraft:deepslate_diamond_ore":22,"minecraft:candle":1,"minecraft:dark_oak_log":37,"minecraft:orange_banner":2,"minecraft:lever":1,"minecraft:dark_oak_fence":3,"epicsamurai:deepslate_ruby_ore":24,"minecraft:black_banner":1,"minecraft:spruce_fence":38,"minecraft:spruce_leaves":229,"minecraft:moss_block":13,"minecraft:rooted_dirt":20,"minecraft:sandstone":4,"minecraft:hay_block":25,"epicsamurai:onyx_ore":7,"minecraft:redstone_ore":4,"minecraft:furnace":3,"minecraft:andesite":58,"minecraft:gold_block":1,"minecraft:deepslate_iron_ore":80,"minecraft:rail":29,"minecraft:stone":5051,"minecraft:bone_block":29,"minecraft:white_wool":2,"minecraft:podzol":215,"minecraft:acacia_leaves":1,"epicsamurai:jade_ore":27,"minecraft:glass_pane":1,"minecraft:soul_sand":11,"minecraft:lily_of_the_valley":4,"minecraft:dandelion":2,"travelersbackpack:standard":6,"epicsamurai:deepslate_aquamarine_ore":6,"minecraft:crafting_table":5,"minecraft:copper_ore":4,"minecraft:tall_grass":36,"minecraft:deepslate_coal_ore":1,"minecraft:deepslate_gold_ore":40,"minecraft:diorite":18,"minecraft:sculk":2,"minecraft:spruce_stairs":6,"minecraft:birch_planks":10,"minecraft:redstone_torch":2,"minecraft:spruce_log":603,"minecraft:birch_leaves":9,"minecraft:coal_ore":159,"minecraft:cherry_leaves":3,"minecraft:gravel":8,"minecraft:cobweb":37,"minecraft:acacia_planks":1,"minecraft:spruce_fence_gate":1,"minecraft:gold_ore":1,"epicsamurai:ruby_ore":4,"minecraft:fern":2},"minecraft:picked_up":{"minecraft:wooden_axe":4,"irons_spellbooks:scroll":5,"minecraft:iron_chestplate":2,"minecraft:wheat":161,"minecraft:chainmail_boots":1,"minecraft:potion":2,"minecraft:brewing_stand":1,"minecraft:amethyst_block":4,"minecraft:string":47,"minecraft:soul_soil":4,"minecraft:raw_copper":15,"irons_spellbooks:arcane_essence":14,"minecraft:gold_nugget":81,"minecraft:cobbled_deepslate":355,"minecraft:spruce_planks":651,"minecraft:redstone_torch":2,"minecraft:written_book":1,"minecraft:iron_pickaxe":2,"minecraft:melon_slice":36,"minecraft:furnace":3,"minecraft:stick":104,"minecraft:torch":150,"minecraft:acacia_log":11,"minecraft:spruce_stairs":10,"minecraft:porkchop":2,"minecraft:diorite":19,"minecraft:stone_sword":1,"minecraft:rotten_flesh":88,"epicsamurai:red_samurai_boots":2,"minecraft:obsidian":20,"ars_nouveau:drygmy_shard":1,"minecraft:cobblestone":5156,"minecraft:birch_log":128,"minecraft:pink_petals":78,"minecraft:feather":4,"minecraft:andesite":72,"epicsamurai:red_samurai_chestplate":1,"minecraft:potato":11,"minecraft:flint":5,"ars_elemental:yellow_archwood_sapling":1,"minecraft:wither_skeleton_skull":3,"minecraft:map":4,"minecraft:lapis_lazuli":141,"minecraft:dirt":3000,"minecraft:leather_boots":1,"minecraft:bone":57,"minecraft:acacia_planks":1,"minecraft:bow":2,"minecraft:wheat_seeds":489,"ars_nouveau:source_gem":1,"minecraft:raw_gold":97,"minecraft:netherite_axe":2,"minecraft:powered_rail":4,"minecraft:moss_block":6,"epicsamurai:raw_silver":9,"minecraft:oak_planks":255,"minecraft:sand":42,"minecraft:grass_block":1,"minecraft:lily_of_the_valley":4,"minecraft:dark_oak_log":43,"minecraft:spruce_fence_gate":1,"minecraft:diamond":23,"minecraft:netherite_helmet":1,"minecraft:lever":1,"minecraft:crossbow":1,"minecraft:granite":31,"minecraft:emerald":14,"minecraft:bread":57,"minecraft:rooted_dirt":17,"epicsamurai:ruby":39,"minecraft:oak_sapling":35,"minecraft:netherrack":112,"irons_spellbooks:uncommon_ink":1,"minecraft:dark_oak_fence":4,"minecraft:oak_leaves":44,"minecraft:crafting_table":5,"minecraft:chicken":6,"minecraft:gold_block":1,"minecraft:orange_banner":2,"minecraft:shield":1,"ars_nouveau:archwood_planks":8,"minecraft:elytra":1,"minecraft:moss_carpet":1,"minecraft:iron_axe":4,"minecraft:wooden_sword":2,"minecraft:netherite_scrap":2,"epicsamurai:jade":76,"minecraft:iron_shovel":5,"minecraft:candle":2,"minecraft:beef":50,"epicsamurai:akaname_tongue":10,"minecraft:oak_boat":2,"minecraft:iron_nugget":149,"minecraft:poppy":3,"minecraft:spruce_slab":18,"minecraft:minecart":7,"minecraft:sugar_cane":14,"minecraft:chest":2,"minecraft:birch_sapling":9,"minecraft:egg":16,"minecraft:dark_oak_sapling":9,"minecraft:sandstone":4,"minecraft:raw_iron":252,"minecraft:spruce_fence":31,"minecraft:redstone":62,"ars_nouveau:wixie_shards":1,"minecraft:arrow":22,"minecraft:hay_block":40,"minecraft:black_banner":2,"epicsamurai:red_samurai_leggings":1,"minecraft:gold_ingot":1,"minecraft:mutton":6,"minecraft:bone_block":27,"minecraft:rail":31,"minecraft:white_wool":7,"minecraft:leather":20,"minecraft:red_mushroom":26,"minecraft:birch_planks":10,"minecraft:crimson_fungus":2,"minecraft:oak_log":339,"minecraft:gunpowder":20,"minecraft:paper":16,"minecraft:white_banner":2,"irons_spellbooks:rare_ink":1,"irons_spellbooks:common_ink":1,"minecraft:apple":5,"minecraft:iron_ingot":56,"minecraft:glass_bottle":2,"epicsamurai:aquamarine":16,"irons_spellbooks:cinder_essence":9,"minecraft:soul_sand":14,"minecraft:book":13,"epicsamurai:onyx":19,"epicsamurai:katana":1,"minecraft:dark_oak_slab":2,"ars_nouveau:red_archwood_sapling":1,"minecraft:dandelion":3,"minecraft:amethyst_shard":28,"minecraft:spruce_sapling":34,"minecraft:white_bed":8,"minecraft:spruce_log":642,"minecraft:spider_eye":8,"ars_nouveau:wilden_spike":3,"travelersbackpack:standard":7,"minecraft:stone_axe":2,"minecraft:diamond_axe":2,"minecraft:gray_wool":1,"minecraft:baked_potato":32,"minecraft:coal":207,"minecraft:ender_pearl":1},"minecraft:crafted":{"minecraft:smooth_stone":8,"minecraft:oak_planks":612,"ars_nouveau:archwood_planks":8,"epicsamurai:green_samurai_chestplate":1,"irons_spellbooks:iron_spell_book":1,"minecraft:cooked_chicken":3,"minecraft:chain":3,"minecraft:stone":8,"minecraft:cobblestone_stairs":68,"minecraft:lever":3,"minecraft:diamond_shovel":2,"epicsamurai:red_samurai_chestplate":1,"epicsamurai:red_samurai_boots":1,"minecraft:glass":24,"epicsamurai:red_samurai_leggings":2,"minecraft:melon_seeds":3,"minecraft:chest":7,"minecraft:rail":288,"minecraft:stone_hoe":1,"minecraft:wooden_shovel":1,"epicsamurai:green_samurai_helmet":1,"minecraft:cooked_porkchop":2,"minecraft:diamond_axe":2,"minecraft:crafting_table":9,"minecraft:spruce_planks":2544,"travelersbackpack:standard":1,"minecraft:baked_potato":11,"minecraft:wooden_pickaxe":1,"minecraft:iron_helmet":1,"minecraft:golden_pickaxe":3,"epicsamurai:green_samurai_boots":1,"minecraft:birch_planks":512,"minecraft:iron_chestplate":1,"minecraft:paper":3,"minecraft:diamond_pickaxe":4,"minecraft:charcoal":12,"minecraft:shield":2,"minecraft:stick":348,"minecraft:iron_ingot":230,"minecraft:iron_pickaxe":4,"minecraft:iron_block":4,"minecraft:gold_ingot":71,"minecraft:redstone_torch":9,"minecraft:spruce_fence_gate":1,"epicsamurai:katana":2,"minecraft:iron_nugget":9,"minecraft:furnace":6,"minecraft:blast_furnace":2,"minecraft:bone_meal":414,"irons_spellbooks:graybeard_staff":1,"minecraft:spruce_fence":33,"minecraft:glass_pane":32,"minecraft:flint_and_steel":1,"minecraft:spruce_stairs":68,"travelersbackpack:white_sleeping_bag":1,"minecraft:iron_axe":2,"minecraft:iron_hoe":1,"minecraft:spruce_slab":30,"minecraft:stone_pickaxe":3,"minecraft:dark_oak_planks":84,"minecraft:glistering_melon_slice":1,"minecraft:minecart":1,"minecraft:wheat":253,"minecraft:cooked_beef":22,"epicsamurai:katana_handle":2,"travelersbackpack:backpack_tank":2,"minecraft:powered_rail":12,"minecraft:bucket":2,"minecraft:air":0,"minecraft:bread":147,"minecraft:oak_boat":2,"minecraft:golden_apple":1,"minecraft:gold_nugget":18,"minecraft:iron_shovel":6,"minecraft:anvil":1,"minecraft:acacia_planks":44,"epicsamurai:steel_ingot":20,"minecraft:torch":168,"epicsamurai:green_samurai_leggings":1,"epicsamurai:red_samurai_helmet":1},"minecraft:broken":{"minecraft:iron_shovel":5,"minecraft:stone_pickaxe":2,"minecraft:diamond_shovel":1,"minecraft:diamond_pickaxe":3,"minecraft:iron_hoe":1,"minecraft:stone_sword":1,"minecraft:iron_axe":2,"minecraft:iron_pickaxe":3,"minecraft:golden_pickaxe":4},"minecraft:used":{"minecraft:moss_block":3,"minecraft:moss_carpet":1,"minecraft:iron_shovel":1102,"minecraft:spruce_slab":44,"minecraft:poppy":1,"minecraft:chest":7,"minecraft:shield":45,"minecraft:rotten_flesh":29,"minecraft:soul_sand":4,"minecraft:lily_of_the_valley":4,"minecraft:obsidian":20,"minecraft:grass_block":1,"minecraft:dark_oak_slab":1,"minecraft:oak_sapling":16,"minecraft:furnace":7,"ars_nouveau:sourceberry_bush":3,"minecraft:egg":10,"minecraft:dark_oak_sapling":5,"minecraft:oak_planks":366,"minecraft:stone_pickaxe":366,"minecraft:powered_rail":16,"minecraft:wooden_pickaxe":10,"minecraft:diamond_axe":1543,"minecraft:sandstone":4,"minecraft:oak_leaves":44,"minecraft:golden_apple":2,"minecraft:white_wool":2,"minecraft:sand":2,"minecraft:black_banner":2,"minecraft:blast_furnace":2,"minecraft:redstone_torch":11,"minecraft:lever":4,"minecraft:melon_slice":28,"minecraft:bread":157,"minecraft:wooden_sword":5,"minecraft:andesite":42,"minecraft:oak_boat":2,"minecraft:bone_meal":290,"minecraft:golden_pickaxe":128,"minecraft:experience_bottle":28,"epicsamurai:red_samurai_helmet":3,"minecraft:stone_sword":114,"minecraft:flint_and_steel":1,"minecraft:spruce_planks":2306,"minecraft:cooked_chicken":3,"minecraft:torch":322,"minecraft:stone_hoe":29,"minecraft:netherrack":109,"minecraft:dirt":1900,"minecraft:anvil":1,"minecraft:spruce_stairs":55,"minecraft:granite":30,"minecraft:spruce_fence":58,"minecraft:iron_hoe":250,"minecraft:wooden_axe":1,"minecraft:iron_axe":708,"minecraft:rooted_dirt":17,"minecraft:beef":21,"minecraft:soul_soil":25,"minecraft:minecart":7,"minecraft:cooked_beef":12,"minecraft:cobbled_deepslate":171,"minecraft:wheat_seeds":178,"minecraft:water_bucket":28,"minecraft:birch_planks":416,"minecraft:baked_potato":40,"minecraft:spruce_fence_gate":2,"minecraft:rail":319,"minecraft:crafting_table":14,"minecraft:white_bed":7,"minecraft:spruce_log":6,"minecraft:oak_log":41,"minecraft:diamond_pickaxe":5294,"minecraft:apple":4,"minecraft:diamond_shovel":1570,"minecraft:iron_pickaxe":823,"minecraft:spruce_sapling":28,"epicsamurai:katana":820,"travelersbackpack:standard":31,"minecraft:cobblestone":858,"minecraft:orange_banner":2,"minecraft:porkchop":8,"minecraft:cooked_porkchop":2,"minecraft:bucket":42,"minecraft:glass_pane":32,"irons_spellbooks:inscription_table":1}},"DataVersion":3465}