{"stats":{"minecraft:custom":{"minecraft:open_chest":2,"minecraft:time_since_rest":2058,"minecraft:damage_taken":870,"minecraft:crouch_one_cm":103,"minecraft:play_time":14674,"minecraft:sprint_one_cm":20892,"minecraft:damage_absorbed":39,"minecraft:walk_one_cm":26965,"minecraft:deaths":1,"minecraft:sneak_time":887,"minecraft:mob_kills":1,"minecraft:interact_with_anvil":1,"minecraft:drop":3,"minecraft:jump":344,"minecraft:damage_dealt":1194,"minecraft:leave_game":4,"minecraft:time_since_death":1276,"minecraft:total_world_time":14674,"minecraft:fall_one_cm":12540,"minecraft:fly_one_cm":213266},"minecraft:killed_by":{"minecraft:wither":1},"minecraft:killed":{"minecraft:zombie":1},"minecraft:used":{"epicsamurai:katana":27,"minecraft:cooked_mutton":2,"minecraft:golden_apple":1,"minecraft:dirt":47,"minecraft:soul_sand":4,"minecraft:oak_planks":1,"minecraft:wither_skeleton_skull":1,"minecraft:bread":4,"minecraft:cobbled_deepslate":3,"minecraft:diamond_pickaxe":1,"minecraft:torch":4},"minecraft:crafted":{"minecraft:golden_apple":1,"minecraft:torch":4},"minecraft:dropped":{"minecraft:wither_skeleton_skull":2,"minecraft:netherite_sword":1},"minecraft:picked_up":{"minecraft:cooked_mutton":7,"minecraft:rotten_flesh":2,"minecraft:torch":1,"minecraft:raw_iron_block":1,"minecraft:cobbled_deepslate":82,"minecraft:netherite_sword":1,"minecraft:gravel":9,"minecraft:flint":2,"minecraft:dirt":13},"minecraft:mined":{"minecraft:raw_iron_block":1}},"DataVersion":3465}