{"stats":{"minecraft:crafted":{"minecraft:smooth_stone":8,"minecraft:oak_planks":612,"ars_nouveau:archwood_planks":8,"epicsamurai:green_samurai_chestplate":1,"irons_spellbooks:iron_spell_book":1,"minecraft:cooked_chicken":3,"minecraft:chain":3,"minecraft:stone":8,"minecraft:cobblestone_stairs":68,"minecraft:lever":3,"minecraft:diamond_shovel":3,"minecraft:cooked_mutton":6,"epicsamurai:red_samurai_chestplate":1,"epicsamurai:red_samurai_boots":1,"minecraft:glass":168,"epicsamurai:red_samurai_leggings":2,"minecraft:melon_seeds":3,"minecraft:chest":7,"minecraft:rail":320,"minecraft:stone_hoe":1,"minecraft:wooden_shovel":1,"epicsamurai:green_samurai_helmet":1,"minecraft:cooked_porkchop":2,"minecraft:diamond_axe":2,"minecraft:crafting_table":10,"minecraft:spruce_planks":3516,"travelersbackpack:standard":1,"minecraft:baked_potato":11,"minecraft:wooden_pickaxe":1,"minecraft:iron_helmet":1,"minecraft:golden_pickaxe":3,"epicsamurai:green_samurai_boots":1,"minecraft:birch_planks":512,"minecraft:iron_chestplate":1,"minecraft:paper":3,"minecraft:diamond_pickaxe":4,"minecraft:charcoal":12,"minecraft:shield":2,"minecraft:stick":348,"minecraft:iron_ingot":258,"minecraft:iron_pickaxe":4,"minecraft:iron_block":4,"minecraft:gold_ingot":71,"minecraft:redstone_torch":13,"minecraft:spruce_fence_gate":1,"epicsamurai:katana":2,"minecraft:iron_nugget":9,"minecraft:furnace":6,"minecraft:blast_furnace":2,"minecraft:bone_meal":414,"irons_spellbooks:graybeard_staff":1,"minecraft:spruce_fence":33,"minecraft:glass_pane":240,"minecraft:flint_and_steel":1,"minecraft:spruce_stairs":148,"travelersbackpack:white_sleeping_bag":1,"minecraft:iron_axe":2,"minecraft:iron_hoe":1,"minecraft:spruce_slab":30,"minecraft:stone_pickaxe":3,"minecraft:dark_oak_planks":84,"minecraft:glistering_melon_slice":1,"minecraft:minecart":2,"minecraft:wheat":253,"minecraft:cooked_beef":22,"epicsamurai:katana_handle":2,"travelersbackpack:backpack_tank":2,"minecraft:powered_rail":36,"minecraft:bucket":2,"minecraft:air":0,"minecraft:bread":147,"minecraft:oak_boat":3,"minecraft:golden_apple":1,"minecraft:gold_nugget":18,"minecraft:iron_shovel":6,"minecraft:anvil":1,"minecraft:acacia_planks":44,"epicsamurai:steel_ingot":20,"minecraft:torch":168,"epicsamurai:green_samurai_leggings":1,"epicsamurai:red_samurai_helmet":1},"minecraft:mined":{"minecraft:large_amethyst_bud":3,"minecraft:spruce_planks":590,"minecraft:white_bed":7,"irons_spellbooks:armor_pile":12,"minecraft:obsidian":20,"minecraft:granite":31,"minecraft:acacia_log":11,"minecraft:grass_block":612,"epicsamurai:silver_ore":2,"minecraft:soul_soil":4,"ars_nouveau:sourceberry_bush":1,"minecraft:spawner":6,"minecraft:tall_seagrass":1,"epicsamurai:deepslate_jade_ore":29,"minecraft:iron_ore":164,"minecraft:cobbled_deepslate":2,"minecraft:fire":3,"minecraft:deepslate_lapis_ore":13,"minecraft:sculk_shrieker":2,"minecraft:dirt_path":33,"epicsamurai:deepslate_silver_ore":7,"minecraft:azalea":2,"minecraft:spruce_slab":13,"minecraft:deepslate_redstone_ore":10,"minecraft:medium_amethyst_bud":2,"minecraft:amethyst_cluster":6,"minecraft:clay":9,"minecraft:torch":38,"minecraft:poppy":1,"minecraft:chest":2,"minecraft:cobblestone":111,"minecraft:oak_planks":99,"minecraft:sugar_cane":5,"ars_nouveau:red_archwood_leaves":3,"minecraft:wall_torch":15,"minecraft:amethyst_block":5,"minecraft:pink_petals":31,"minecraft:seagrass":1,"minecraft:powered_rail":10,"minecraft:dark_oak_slab":1,"minecraft:birch_log":128,"ars_nouveau:archwood_planks":7,"minecraft:wheat":146,"epicsamurai:aquamarine_ore":5,"minecraft:grass":320,"minecraft:oak_log":327,"minecraft:dark_oak_sapling":3,"minecraft:sand":184,"minecraft:dirt":1849,"minecraft:wither_skeleton_skull":3,"minecraft:netherrack":148,"minecraft:oak_leaves":476,"minecraft:deepslate":384,"minecraft:tuff":22,"ars_elemental:yellow_archwood_leaves":24,"epicsamurai:deepslate_onyx_ore":2,"minecraft:dark_oak_leaves":46,"minecraft:deepslate_diamond_ore":22,"minecraft:candle":1,"minecraft:dark_oak_log":37,"minecraft:orange_banner":2,"minecraft:lever":1,"minecraft:dark_oak_fence":3,"epicsamurai:deepslate_ruby_ore":24,"minecraft:black_banner":1,"minecraft:spruce_fence":38,"minecraft:spruce_leaves":236,"minecraft:moss_block":13,"minecraft:rooted_dirt":20,"minecraft:sandstone":4,"minecraft:hay_block":25,"epicsamurai:onyx_ore":7,"minecraft:redstone_ore":4,"minecraft:spruce_sapling":1,"minecraft:furnace":3,"minecraft:andesite":58,"minecraft:gold_block":1,"minecraft:bell":4,"minecraft:deepslate_iron_ore":80,"minecraft:rail":66,"minecraft:stone":5098,"minecraft:bone_block":29,"minecraft:white_wool":2,"minecraft:podzol":215,"minecraft:acacia_leaves":1,"epicsamurai:jade_ore":27,"minecraft:glass_pane":1,"minecraft:soul_sand":11,"minecraft:lily_of_the_valley":4,"minecraft:dandelion":2,"travelersbackpack:standard":7,"epicsamurai:deepslate_aquamarine_ore":6,"minecraft:crafting_table":5,"minecraft:copper_ore":4,"minecraft:tall_grass":36,"minecraft:deepslate_coal_ore":1,"minecraft:deepslate_gold_ore":40,"minecraft:diorite":27,"minecraft:sculk":2,"minecraft:spruce_stairs":9,"minecraft:birch_planks":10,"minecraft:redstone_torch":2,"minecraft:spruce_log":847,"minecraft:birch_leaves":9,"minecraft:coal_ore":159,"minecraft:cherry_leaves":3,"minecraft:gravel":15,"minecraft:cobweb":37,"minecraft:acacia_planks":1,"minecraft:spruce_fence_gate":1,"minecraft:gold_ore":1,"epicsamurai:ruby_ore":4,"minecraft:fern":2},"minecraft:killed_by":{"minecraft:creeper":3,"minecraft:ravager":7,"minecraft:vindicator":1,"irons_spellbooks:citadel_keeper":1,"minecraft:cave_spider":1,"minecraft:zombie":5,"minecraft:husk":1,"minecraft:player":2,"irons_spellbooks:summoned_skeleton":1,"minecraft:spider":1,"minecraft:warden":3,"irons_spellbooks:necromancer":2,"minecraft:skeleton":4,"irons_spellbooks:archevoker":1},"minecraft:custom":{"minecraft:animals_bred":30,"minecraft:interact_with_crafting_table":179,"minecraft:open_barrel":10,"minecraft:bell_ring":40,"minecraft:leave_game":26,"minecraft:time_since_death":31143,"minecraft:sprint_one_cm":2417710,"minecraft:damage_blocked_by_shield":2525,"minecraft:drop":206,"minecraft:talked_to_villager":8,"minecraft:play_time":1366654,"minecraft:deaths":54,"minecraft:jump":27898,"minecraft:interact_with_brewingstand":1,"minecraft:walk_on_water_one_cm":75436,"minecraft:interact_with_furnace":206,"minecraft:sleep_in_bed":28,"minecraft:damage_dealt":70494,"minecraft:crouch_one_cm":358291,"minecraft:interact_with_anvil":20,"minecraft:mob_kills":299,"minecraft:climb_one_cm":1713,"minecraft:walk_one_cm":2779867,"minecraft:raid_win":1,"minecraft:sneak_time":109261,"minecraft:walk_under_water_one_cm":41698,"minecraft:boat_one_cm":106822,"minecraft:interact_with_lectern":1,"minecraft:interact_with_blast_furnace":69,"minecraft:total_world_time":1366654,"minecraft:raid_trigger":1,"minecraft:time_since_rest":31173,"minecraft:damage_taken":22928,"minecraft:damage_absorbed":80,"minecraft:minecart_one_cm":230619,"minecraft:swim_one_cm":75083,"minecraft:fly_one_cm":5571107,"minecraft:open_chest":325,"minecraft:fall_one_cm":783355},"minecraft:dropped":{"minecraft:candle":2,"minecraft:moss_block":3,"minecraft:diamond_axe":2,"minecraft:lapis_lazuli":4,"minecraft:cooked_beef":3,"minecraft:baked_potato":2,"minecraft:dark_oak_sapling":2,"minecraft:dark_oak_slab":1,"travelersbackpack:standard":1,"minecraft:elytra":1,"minecraft:flint":5,"minecraft:dirt":17,"minecraft:dark_oak_fence":4,"epicsamurai:red_samurai_leggings":1,"epicsamurai:jade":27,"minecraft:gold_nugget":1,"minecraft:iron_pickaxe":1,"minecraft:white_wool":2,"minecraft:bone":20,"minecraft:stone_axe":3,"minecraft:iron_nugget":2,"epicsamurai:green_samurai_chestplate":1,"minecraft:cobbled_deepslate":164,"minecraft:obsidian":1,"epicsamurai:katana":2,"minecraft:rotten_flesh":37,"minecraft:oak_planks":283,"minecraft:diamond_shovel":1,"minecraft:cooked_mutton":2,"minecraft:white_bed":1,"epicsamurai:green_samurai_leggings":1,"minecraft:poppy":1,"minecraft:gunpowder":2,"ars_nouveau:drygmy_shard":1,"minecraft:spruce_slab":4,"minecraft:beef":3,"minecraft:egg":5,"ars_nouveau:dull_trinket":1,"minecraft:iron_ingot":14,"minecraft:bread":30,"minecraft:wheat_seeds":39,"epicsamurai:green_samurai_helmet":1,"minecraft:netherite_helmet":1,"minecraft:netherite_axe":2,"minecraft:iron_helmet":1,"minecraft:feather":2,"minecraft:cobblestone":40,"minecraft:book":12,"minecraft:coal":6,"minecraft:stick":5,"irons_spellbooks:scroll":1,"ars_nouveau:worn_notebook":2,"minecraft:gray_wool":1,"minecraft:diorite":16,"minecraft:torch":7,"minecraft:wooden_axe":1,"minecraft:melon_slice":4,"minecraft:iron_axe":3,"minecraft:smooth_stone":2,"minecraft:orange_bed":1,"minecraft:iron_shovel":4,"minecraft:paper":15,"minecraft:string":7,"minecraft:acacia_planks":4,"minecraft:dandelion":3,"epicsamurai:green_samurai_boots":1,"ars_nouveau:archwood_planks":8,"epicsamurai:red_samurai_boots":1,"irons_spellbooks:graybeard_staff":1,"minecraft:spruce_fence":5,"minecraft:hay_block":15,"minecraft:shield":1,"minecraft:spruce_planks":690,"minecraft:iron_chestplate":4,"minecraft:andesite":30,"epicsamurai:ruby":8,"minecraft:oak_boat":1,"minecraft:spider_eye":3,"minecraft:stone_bricks":2,"minecraft:bow":1,"minecraft:stone_pickaxe":1,"minecraft:wooden_pickaxe":1},"minecraft:broken":{"minecraft:iron_shovel":5,"minecraft:stone_pickaxe":2,"minecraft:diamond_shovel":1,"minecraft:diamond_pickaxe":3,"minecraft:iron_hoe":1,"minecraft:stone_sword":1,"minecraft:iron_axe":2,"minecraft:iron_pickaxe":3,"minecraft:golden_pickaxe":4},"minecraft:picked_up":{"minecraft:wooden_axe":4,"irons_spellbooks:scroll":5,"minecraft:iron_chestplate":2,"minecraft:wheat":161,"minecraft:chainmail_boots":1,"minecraft:potion":2,"minecraft:brewing_stand":1,"minecraft:amethyst_block":4,"minecraft:string":52,"minecraft:soul_soil":4,"minecraft:raw_copper":15,"irons_spellbooks:graybeard_staff":1,"irons_spellbooks:arcane_essence":16,"minecraft:gold_nugget":81,"minecraft:cobbled_deepslate":395,"minecraft:spruce_planks":659,"minecraft:redstone_torch":2,"minecraft:written_book":1,"minecraft:iron_pickaxe":2,"minecraft:melon_slice":36,"minecraft:furnace":3,"minecraft:stick":121,"minecraft:torch":156,"minecraft:acacia_log":11,"minecraft:spruce_stairs":13,"minecraft:porkchop":2,"minecraft:diorite":28,"minecraft:stone_sword":1,"minecraft:rotten_flesh":100,"ars_nouveau:dull_trinket":2,"epicsamurai:red_samurai_boots":2,"minecraft:obsidian":20,"ars_nouveau:drygmy_shard":1,"minecraft:cobblestone":5210,"minecraft:birch_log":128,"minecraft:pink_petals":93,"minecraft:feather":4,"minecraft:andesite":72,"epicsamurai:red_samurai_chestplate":1,"minecraft:potato":11,"minecraft:flint":7,"ars_elemental:yellow_archwood_sapling":1,"minecraft:wither_skeleton_skull":3,"minecraft:map":4,"minecraft:lapis_lazuli":141,"minecraft:dirt":3059,"minecraft:leather_boots":1,"minecraft:bone":60,"minecraft:acacia_planks":1,"minecraft:bow":3,"minecraft:wheat_seeds":497,"ars_nouveau:source_gem":1,"minecraft:raw_gold":97,"minecraft:bell":4,"minecraft:netherite_axe":2,"minecraft:powered_rail":10,"minecraft:moss_block":6,"epicsamurai:raw_silver":9,"minecraft:oak_planks":266,"minecraft:sand":184,"minecraft:grass_block":1,"minecraft:lily_of_the_valley":4,"minecraft:dark_oak_log":43,"minecraft:spruce_fence_gate":1,"minecraft:diamond":23,"minecraft:netherite_helmet":1,"minecraft:lever":1,"minecraft:crossbow":1,"minecraft:granite":31,"minecraft:emerald":14,"minecraft:bread":57,"minecraft:rooted_dirt":17,"epicsamurai:ruby":39,"minecraft:oak_sapling":35,"minecraft:netherrack":112,"irons_spellbooks:uncommon_ink":1,"minecraft:dark_oak_fence":4,"minecraft:oak_leaves":44,"minecraft:crafting_table":5,"minecraft:chicken":6,"minecraft:gold_block":1,"minecraft:orange_banner":2,"minecraft:shield":1,"ars_nouveau:archwood_planks":8,"minecraft:elytra":1,"minecraft:moss_carpet":1,"minecraft:iron_axe":4,"minecraft:wooden_sword":2,"minecraft:netherite_scrap":2,"epicsamurai:jade":76,"minecraft:iron_shovel":5,"minecraft:candle":2,"minecraft:beef":50,"epicsamurai:akaname_tongue":10,"minecraft:oak_boat":2,"minecraft:iron_nugget":149,"minecraft:poppy":3,"minecraft:spruce_slab":18,"minecraft:minecart":12,"minecraft:sugar_cane":14,"minecraft:chest":2,"minecraft:birch_sapling":9,"minecraft:egg":18,"minecraft:dark_oak_sapling":9,"minecraft:sandstone":4,"minecraft:raw_iron":252,"minecraft:spruce_fence":31,"minecraft:redstone":62,"ars_nouveau:wixie_shards":1,"minecraft:arrow":24,"minecraft:hay_block":40,"epicsamurai:red_samurai_leggings":1,"minecraft:gold_ingot":1,"minecraft:black_banner":2,"minecraft:mutton":6,"minecraft:bone_block":27,"minecraft:rail":72,"minecraft:white_wool":11,"minecraft:leather":20,"minecraft:red_mushroom":26,"minecraft:birch_planks":10,"minecraft:crimson_fungus":2,"minecraft:oak_log":339,"minecraft:gunpowder":26,"minecraft:paper":16,"minecraft:white_banner":2,"irons_spellbooks:rare_ink":1,"irons_spellbooks:common_ink":1,"minecraft:apple":5,"minecraft:iron_ingot":56,"minecraft:glass_bottle":2,"epicsamurai:aquamarine":16,"irons_spellbooks:cinder_essence":9,"minecraft:soul_sand":14,"minecraft:book":13,"epicsamurai:onyx":19,"epicsamurai:katana":1,"minecraft:dark_oak_slab":2,"ars_nouveau:red_archwood_sapling":1,"minecraft:dandelion":3,"minecraft:gravel":12,"minecraft:amethyst_shard":28,"minecraft:spruce_sapling":51,"minecraft:white_bed":8,"minecraft:spruce_log":886,"minecraft:spider_eye":9,"ars_nouveau:wilden_spike":3,"travelersbackpack:standard":8,"minecraft:stone_axe":2,"minecraft:diamond_axe":2,"minecraft:gray_wool":1,"minecraft:baked_potato":32,"minecraft:coal":207,"minecraft:ender_pearl":1},"minecraft:used":{"minecraft:moss_block":3,"minecraft:moss_carpet":1,"minecraft:iron_shovel":1102,"minecraft:spruce_slab":44,"minecraft:poppy":1,"minecraft:chest":7,"minecraft:shield":45,"minecraft:bell":3,"minecraft:rotten_flesh":29,"minecraft:soul_sand":4,"minecraft:lily_of_the_valley":4,"minecraft:obsidian":20,"minecraft:grass_block":1,"minecraft:dark_oak_slab":1,"ars_nouveau:sourceberry_bush":3,"minecraft:oak_sapling":16,"minecraft:furnace":7,"minecraft:egg":12,"minecraft:dark_oak_sapling":5,"minecraft:oak_planks":366,"minecraft:stone_pickaxe":366,"minecraft:powered_rail":46,"minecraft:wooden_pickaxe":10,"minecraft:diamond_axe":1806,"minecraft:sandstone":4,"minecraft:oak_leaves":44,"minecraft:golden_apple":2,"minecraft:white_wool":2,"minecraft:sand":2,"minecraft:black_banner":2,"minecraft:blast_furnace":2,"minecraft:redstone_torch":15,"minecraft:lever":4,"minecraft:melon_slice":28,"minecraft:bread":173,"minecraft:wooden_sword":5,"minecraft:andesite":42,"minecraft:oak_boat":3,"minecraft:bone_meal":305,"minecraft:golden_pickaxe":128,"minecraft:experience_bottle":28,"epicsamurai:red_samurai_helmet":3,"minecraft:stone_sword":114,"minecraft:flint_and_steel":1,"minecraft:spruce_planks":2969,"minecraft:cooked_chicken":3,"minecraft:torch":340,"minecraft:stone_hoe":29,"minecraft:netherrack":109,"minecraft:dirt":1973,"minecraft:anvil":1,"minecraft:spruce_stairs":138,"minecraft:granite":31,"minecraft:spruce_fence":58,"minecraft:iron_hoe":250,"minecraft:wooden_axe":1,"minecraft:iron_axe":708,"minecraft:rooted_dirt":17,"minecraft:beef":21,"minecraft:soul_soil":25,"minecraft:goat_horn":1,"minecraft:minecart":14,"minecraft:cooked_beef":12,"minecraft:cobbled_deepslate":171,"minecraft:wheat_seeds":178,"minecraft:cooked_mutton":4,"minecraft:water_bucket":37,"minecraft:birch_planks":416,"minecraft:baked_potato":41,"minecraft:spruce_fence_gate":2,"minecraft:rail":397,"minecraft:crafting_table":15,"minecraft:white_bed":7,"minecraft:spruce_log":7,"minecraft:oak_log":41,"minecraft:diamond_pickaxe":5444,"minecraft:apple":4,"minecraft:diamond_shovel":1730,"minecraft:iron_pickaxe":823,"minecraft:spruce_sapling":45,"minecraft:pink_petals":15,"epicsamurai:katana":914,"travelersbackpack:standard":33,"minecraft:cobblestone":881,"minecraft:orange_banner":2,"minecraft:porkchop":8,"minecraft:cooked_porkchop":2,"minecraft:bucket":51,"minecraft:glass_pane":218,"irons_spellbooks:inscription_table":1},"minecraft:killed":{"minecraft:cave_spider":6,"minecraft:spider":30,"minecraft:skeleton":39,"minecraft:chicken":6,"irons_spellbooks:summoned_skeleton":2,"epicsamurai:enenra":1,"minecraft:wolf":1,"minecraft:pig":1,"minecraft:iron_golem":1,"epicsamurai:jorogumo":1,"irons_spellbooks:necromancer":6,"minecraft:creeper":27,"minecraft:sheep":10,"minecraft:trader_llama":4,"minecraft:pillager":7,"minecraft:zombie":91,"minecraft:cow":21,"minecraft:vex":3,"irons_spellbooks:summoned_zombie":11,"minecraft:vindicator":3,"minecraft:drowned":1,"minecraft:warden":1,"minecraft:husk":6,"ars_nouveau:drygmy":1,"epicsamurai:akaname":4,"irons_spellbooks:citadel_keeper":6,"minecraft:ravager":1,"ars_nouveau:whirlisprig":3,"minecraft:enderman":1}},"DataVersion":3465}