{"stats":{"minecraft:broken":{"irons_spellbooks:tarnished_helmet":2,"epicsamurai:gray_samurai_helmet":1,"minecraft:bow":1,"epicsamurai:green_samurai_boots":1},"minecraft:crafted":{"epicsamurai:shuriken":32,"ars_nouveau:archwood_planks":64,"epicsamurai:green_samurai_chestplate":1,"minecraft:stone":14,"minecraft:iron_boots":1,"minecraft:chest":7,"minecraft:netherite_upgrade_smithing_template":6,"ars_nouveau:enchanting_apparatus":1,"minecraft:wooden_shovel":1,"epicsamurai:green_samurai_helmet":2,"ars_nouveau:arcane_core":1,"minecraft:cooked_porkchop":17,"minecraft:crafting_table":2,"minecraft:wooden_pickaxe":1,"minecraft:iron_helmet":1,"epicsamurai:green_samurai_boots":1,"irons_spellbooks:arcane_anvil":1,"minecraft:paper":6,"minecraft:stick":13,"minecraft:iron_pickaxe":1,"minecraft:iron_ingot":1,"minecraft:iron_block":2,"minecraft:gold_ingot":7,"minecraft:netherite_ingot":2,"irons_spellbooks:magic_cloth":8,"epicsamurai:oni_mask":1,"epicsamurai:katana":1,"irons_spellbooks:graybeard_staff":1,"irons_spellbooks:scroll_forge":1,"minecraft:polished_deepslate":8,"minecraft:iron_axe":1,"minecraft:stone_pickaxe":1,"epicsamurai:katana_handle":1,"minecraft:bucket":2,"minecraft:stone_axe":1,"minecraft:air":0,"ars_nouveau:sourcestone":8,"minecraft:anvil":1,"minecraft:white_bed":1,"minecraft:acacia_planks":40,"epicsamurai:steel_ingot":12,"minecraft:torch":76,"epicsamurai:green_samurai_leggings":1},"minecraft:killed":{"minecraft:cave_spider":2,"minecraft:spider":11,"minecraft:skeleton":8,"irons_spellbooks:archevoker":1,"irons_spellbooks:summoned_skeleton":4,"minecraft:piglin_brute":10,"irons_spellbooks:spectral_steed":3,"epicsamurai:enenra":2,"minecraft:piglin":9,"epicsamurai:jorogumo":1,"irons_spellbooks:necromancer":5,"minecraft:creeper":11,"minecraft:sheep":13,"minecraft:pillager":4,"irons_spellbooks:summoned_vex":5,"minecraft:zombie":36,"minecraft:cow":1,"irons_spellbooks:summoned_zombie":4,"epicsamurai:oni":2,"ars_nouveau:drygmy":2,"ars_nouveau:starbuncle":2,"epicsamurai:akaname":4,"minecraft:wandering_trader":1,"minecraft:hoglin":4,"ars_nouveau:whirlisprig":4,"minecraft:enderman":2},"minecraft:picked_up":{"irons_spellbooks:scroll":7,"minecraft:wheat":1,"minecraft:golden_shovel":2,"minecraft:stone_brick_stairs":2,"minecraft:polished_blackstone_brick_stairs":2,"minecraft:string":123,"epicsamurai:iron_samurai_chestplate":1,"irons_spellbooks:graybeard_staff":1,"minecraft:netherite_ingot":2,"irons_spellbooks:arcane_essence":49,"minecraft:gold_nugget":14,"minecraft:cobbled_deepslate":17,"minecraft:iron_pickaxe":2,"irons_spellbooks:inscription_table":1,"minecraft:furnace":3,"minecraft:stick":32,"epicsamurai:oni_mask":1,"minecraft:torch":19,"minecraft:acacia_log":9,"minecraft:porkchop":13,"minecraft:diorite":6,"minecraft:rotten_flesh":91,"minecraft:cobblestone":89,"epicsamurai:green_samurai_boots":2,"minecraft:pink_petals":1,"minecraft:magma_block":1,"minecraft:cooked_beef":21,"minecraft:magma_cream":2,"minecraft:water_bucket":1,"minecraft:andesite":3,"minecraft:potato":19,"minecraft:flint":2,"minecraft:tuff":11,"irons_spellbooks:keeper_flamberge":1,"minecraft:dirt":219,"irons_spellbooks:hogskin":4,"minecraft:bone":70,"epicsamurai:gray_samurai_helmet":1,"minecraft:acacia_planks":1,"minecraft:bow":3,"minecraft:wheat_seeds":44,"minecraft:bell":1,"minecraft:grindstone":1,"minecraft:diamond_helmet":1,"minecraft:netherite_axe":1,"epicsamurai:white_samurai_leggings":1,"minecraft:bamboo":58,"epicsamurai:raw_silver":22,"minecraft:oak_planks":1,"minecraft:cooked_porkchop":43,"minecraft:ink_sac":6,"minecraft:grass_block":1,"minecraft:barrel":3,"epicsamurai:iron_samurai_boots":1,"minecraft:diamond":7,"irons_spellbooks:divine_pearl":3,"minecraft:netherite_helmet":1,"minecraft:cracked_polished_blackstone_bricks":17,"minecraft:granite":1,"minecraft:bread":10,"epicsamurai:ruby":2,"minecraft:netherrack":73,"irons_spellbooks:uncommon_ink":5,"ars_nouveau:red_archwood_log":1,"minecraft:cocoa_beans":14,"minecraft:crafting_table":4,"minecraft:chicken":2,"irons_spellbooks:tarnished_helmet":2,"minecraft:wooden_pickaxe":1,"epicsamurai:iron_samurai_leggings":1,"minecraft:gold_block":27,"minecraft:shield":2,"minecraft:wooden_sword":1,"minecraft:flint_and_steel":2,"epicsamurai:jade":71,"minecraft:compass":1,"minecraft:blackstone":4,"minecraft:cracked_stone_bricks":2,"epicsamurai:gray_samurai_chestplate":2,"minecraft:beef":1,"epicsamurai:akaname_tongue":25,"irons_spellbooks:epic_ink":1,"minecraft:poppy":1,"minecraft:iron_nugget":74,"minecraft:light_gray_wool":1,"minecraft:lectern":1,"minecraft:chest":3,"minecraft:sugar_cane":28,"minecraft:raw_iron":19,"ars_nouveau:purple_archwood_log":8,"minecraft:polished_blackstone_bricks":77,"minecraft:dark_oak_planks":3,"irons_spellbooks:evocation_rune":1,"irons_spellbooks:gold_spell_book":2,"minecraft:arrow":73,"minecraft:weeping_vines":3,"minecraft:golden_hoe":1,"minecraft:black_banner":2,"minecraft:gold_ingot":77,"minecraft:mutton":7,"minecraft:white_wool":16,"minecraft:bone_block":68,"minecraft:basalt":1,"minecraft:leather":8,"minecraft:acacia_wood":1,"minecraft:gunpowder":24,"minecraft:paper":3,"minecraft:cooked_mutton":14,"irons_spellbooks:common_ink":10,"epicsamurai:oni_horn":3,"minecraft:red_carpet":3,"minecraft:stone_bricks":7,"minecraft:cobweb":3,"travelersbackpack:coal":1,"epicsamurai:aquamarine":2,"irons_spellbooks:cinder_essence":14,"minecraft:iron_sword":1,"minecraft:soul_sand":2,"epicsamurai:silver_ingot":23,"minecraft:book":35,"epicsamurai:onyx":19,"epicsamurai:katana":5,"minecraft:dark_oak_slab":3,"minecraft:dandelion":6,"minecraft:gravel":4,"minecraft:white_bed":1,"irons_spellbooks:scroll_forge":1,"minecraft:spider_eye":6,"travelersbackpack:standard":1,"epicsamurai:iron_samurai_helmet":1,"minecraft:slime_ball":6,"epicsamurai:gray_samurai_leggings":2,"minecraft:black_wool":3,"epicsamurai:white_samurai_chestplate":1,"minecraft:coal":107,"minecraft:sunflower":1,"minecraft:ender_pearl":3},"minecraft:mined":{"minecraft:dark_oak_planks":4,"minecraft:white_bed":1,"minecraft:sculk_vein":1,"minecraft:acacia_log":9,"epicsamurai:silver_ore":9,"minecraft:grass_block":19,"minecraft:cracked_polished_blackstone_bricks":18,"irons_spellbooks:scroll_forge":1,"minecraft:polished_blackstone_bricks":83,"epicsamurai:deepslate_jade_ore":20,"minecraft:magma_block":1,"minecraft:fire":20,"ars_nouveau:red_archwood_log":1,"epicsamurai:deepslate_silver_ore":17,"minecraft:blackstone":4,"minecraft:torch":1,"minecraft:cobblestone":6,"minecraft:grindstone":1,"minecraft:sugar_cane":4,"minecraft:oak_planks":1,"minecraft:dark_oak_slab":4,"minecraft:wheat":1,"minecraft:stone_brick_stairs":2,"minecraft:grass":27,"minecraft:dirt":55,"minecraft:netherrack":58,"minecraft:deepslate":10,"minecraft:red_carpet":1,"minecraft:tuff":9,"minecraft:deepslate_diamond_ore":7,"epicsamurai:onyx_ore":8,"minecraft:furnace":2,"minecraft:acacia_wood":1,"minecraft:andesite":6,"minecraft:gold_block":27,"minecraft:bell":1,"minecraft:bookshelf":10,"minecraft:potatoes":5,"minecraft:deepslate_iron_ore":2,"irons_spellbooks:inscription_table":1,"minecraft:stone":72,"ars_nouveau:purple_archwood_log":8,"epicsamurai:jade_ore":10,"minecraft:soul_sand":2,"minecraft:basalt":2,"travelersbackpack:standard":1,"epicsamurai:deepslate_aquamarine_ore":3,"minecraft:crafting_table":3,"minecraft:lectern":1,"minecraft:tall_grass":1,"minecraft:polished_blackstone_brick_stairs":2,"minecraft:diorite":8,"minecraft:coal_ore":17,"minecraft:gravel":4,"minecraft:cracked_stone_bricks":2,"minecraft:acacia_planks":1,"minecraft:stone_bricks":7},"minecraft:custom":{"minecraft:interact_with_crafting_table":45,"minecraft:open_barrel":6,"minecraft:leave_game":49,"minecraft:time_since_death":52042,"minecraft:sprint_one_cm":796726,"minecraft:damage_blocked_by_shield":953,"minecraft:drop":100,"minecraft:talked_to_villager":3,"minecraft:play_time":469408,"minecraft:deaths":16,"minecraft:jump":6048,"minecraft:walk_on_water_one_cm":27662,"minecraft:interact_with_furnace":50,"minecraft:sleep_in_bed":13,"minecraft:damage_dealt":35885,"minecraft:player_kills":6,"minecraft:crouch_one_cm":120694,"minecraft:horse_one_cm":2048011,"minecraft:mob_kills":160,"minecraft:interact_with_anvil":2,"minecraft:climb_one_cm":3492,"minecraft:walk_one_cm":399076,"minecraft:sneak_time":42762,"minecraft:walk_under_water_one_cm":15020,"minecraft:boat_one_cm":156156,"minecraft:interact_with_blast_furnace":34,"minecraft:total_world_time":469408,"minecraft:time_since_rest":52090,"minecraft:damage_taken":12995,"minecraft:minecart_one_cm":36666,"minecraft:swim_one_cm":39378,"minecraft:fly_one_cm":1086593,"minecraft:open_chest":640,"minecraft:aviate_one_cm":20365,"minecraft:fall_one_cm":195893},"minecraft:used":{"minecraft:chest":9,"minecraft:shield":22,"minecraft:rotten_flesh":1,"minecraft:soul_sand":2,"minecraft:lava_bucket":11,"minecraft:grass_block":1,"minecraft:dark_oak_slab":1,"minecraft:red_carpet":1,"minecraft:bow":7,"minecraft:written_book":1,"minecraft:furnace":1,"minecraft:potato":24,"minecraft:stone_pickaxe":37,"minecraft:oak_planks":6,"minecraft:ender_pearl":2,"minecraft:wooden_pickaxe":6,"ars_nouveau:archwood_planks":28,"minecraft:black_banner":2,"epicsamurai:shuriken":23,"ars_nouveau:enchanting_apparatus":1,"minecraft:bread":10,"minecraft:wooden_sword":1,"minecraft:cobweb":1,"minecraft:flint_and_steel":39,"ars_nouveau:arcane_core":1,"minecraft:netherrack":41,"minecraft:torch":81,"minecraft:dirt":608,"epicsamurai:oni_mask":1,"minecraft:iron_axe":9,"minecraft:goat_horn":4,"minecraft:cooked_beef":5,"minecraft:acacia_planks":30,"minecraft:cobbled_deepslate":3,"minecraft:water_bucket":78,"minecraft:crafting_table":4,"minecraft:white_bed":2,"minecraft:diamond_pickaxe":9,"minecraft:sunflower":1,"minecraft:iron_pickaxe":374,"irons_spellbooks:scroll_forge":2,"minecraft:stone_axe":47,"minecraft:pink_petals":1,"irons_spellbooks:keeper_flamberge":1,"epicsamurai:katana":558,"minecraft:cobblestone":16,"travelersbackpack:standard":4,"minecraft:cooked_porkchop":73,"minecraft:bucket":91,"irons_spellbooks:arcane_anvil":1,"irons_spellbooks:inscription_table":1},"minecraft:killed_by":{"minecraft:zombie":1,"minecraft:spider":1,"irons_spellbooks:archevoker":2},"minecraft:dropped":{"minecraft:iron_sword":1,"minecraft:lapis_lazuli":41,"minecraft:cooked_beef":17,"epicsamurai:onyx":12,"minecraft:cooked_porkchop":3,"minecraft:dark_oak_slab":3,"irons_spellbooks:tarnished_helmet":1,"minecraft:red_carpet":2,"minecraft:dirt":7,"irons_spellbooks:arcane_essence":3,"minecraft:gold_nugget":6,"irons_spellbooks:gold_spell_book":1,"epicsamurai:iron_samurai_boots":1,"minecraft:iron_pickaxe":1,"minecraft:bone":2,"minecraft:gravel":3,"minecraft:cobbled_deepslate":10,"epicsamurai:katana":5,"minecraft:rotten_flesh":17,"minecraft:oak_planks":7,"minecraft:gunpowder":7,"epicsamurai:iron_samurai_chestplate":1,"minecraft:netherrack":10,"minecraft:water_bucket":1,"minecraft:wheat_seeds":15,"epicsamurai:green_samurai_helmet":2,"minecraft:cobblestone":56,"minecraft:granite":1,"epicsamurai:white_samurai_leggings":1,"minecraft:stick":16,"irons_spellbooks:scroll":10,"ars_nouveau:worn_notebook":1,"minecraft:diorite":6,"minecraft:torch":1,"minecraft:diamond_helmet":2,"minecraft:potion":1,"irons_spellbooks:common_ink":10,"epicsamurai:oni_mask":1,"minecraft:paper":1,"minecraft:string":5,"minecraft:tuff":9,"minecraft:raw_iron":17,"irons_spellbooks:graybeard_staff":1,"epicsamurai:white_samurai_chestplate":1,"minecraft:light_gray_wool":1,"minecraft:shield":2,"minecraft:diamond_pickaxe":1,"epicsamurai:iron_samurai_leggings":1,"minecraft:spider_eye":4,"minecraft:bow":2,"minecraft:wooden_pickaxe":2}},"DataVersion":3465}