{"stats":{"minecraft:crafted":{"ars_nouveau:archwood_planks":12,"minecraft:crafting_table":1,"minecraft:wooden_pickaxe":1,"minecraft:bucket":1,"minecraft:stone_axe":1,"minecraft:stick":8,"minecraft:chest":1,"minecraft:stone_pickaxe":1,"minecraft:white_bed":1,"minecraft:acacia_planks":40,"minecraft:torch":48},"minecraft:killed":{"epicsamurai:enenra":2,"ars_nouveau:starbuncle":1,"minecraft:spider":2,"irons_spellbooks:necromancer":1,"minecraft:creeper":4,"minecraft:sheep":3,"minecraft:skeleton":1,"minecraft:pillager":4,"irons_spellbooks:summoned_vex":5,"minecraft:zombie":4,"ars_nouveau:whirlisprig":1,"irons_spellbooks:archevoker":1},"minecraft:picked_up":{"irons_spellbooks:scroll":1,"ars_nouveau:red_archwood_log":1,"minecraft:crafting_table":2,"minecraft:wheat":1,"minecraft:water_bucket":1,"minecraft:wooden_pickaxe":1,"minecraft:acacia_wood":1,"minecraft:potato":19,"minecraft:tuff":2,"minecraft:stone_brick_stairs":2,"minecraft:gunpowder":6,"minecraft:string":1,"minecraft:dirt":144,"minecraft:flint_and_steel":1,"epicsamurai:jade":5,"minecraft:red_carpet":3,"minecraft:bone":2,"epicsamurai:gray_samurai_helmet":1,"minecraft:acacia_planks":1,"minecraft:stone_bricks":7,"minecraft:bow":1,"minecraft:cracked_stone_bricks":2,"irons_spellbooks:arcane_essence":10,"minecraft:wheat_seeds":9,"minecraft:cobbled_deepslate":4,"minecraft:bell":1,"epicsamurai:gray_samurai_chestplate":2,"minecraft:grindstone":1,"minecraft:cobweb":3,"travelersbackpack:coal":1,"irons_spellbooks:epic_ink":1,"minecraft:iron_pickaxe":1,"minecraft:lectern":1,"epicsamurai:aquamarine":2,"minecraft:sugar_cane":9,"epicsamurai:raw_silver":7,"minecraft:book":30,"epicsamurai:onyx":6,"minecraft:stick":31,"ars_nouveau:purple_archwood_log":2,"epicsamurai:katana":2,"minecraft:dark_oak_slab":3,"minecraft:cooked_porkchop":28,"minecraft:torch":17,"minecraft:acacia_log":9,"minecraft:spider_eye":2,"minecraft:arrow":2,"travelersbackpack:standard":1,"minecraft:dark_oak_planks":3,"irons_spellbooks:evocation_rune":1,"minecraft:rotten_flesh":2,"epicsamurai:gray_samurai_leggings":2,"minecraft:granite":1,"minecraft:black_banner":2,"minecraft:mutton":4,"minecraft:coal":63,"minecraft:white_wool":3,"minecraft:cobblestone":32,"epicsamurai:green_samurai_boots":2},"minecraft:mined":{"minecraft:dark_oak_planks":4,"minecraft:tuff":2,"minecraft:red_carpet":1,"epicsamurai:jade_ore":5,"minecraft:sculk_vein":1,"epicsamurai:deepslate_aquamarine_ore":3,"travelersbackpack:standard":1,"minecraft:crafting_table":1,"minecraft:torch":1,"minecraft:acacia_log":9,"minecraft:lectern":1,"minecraft:cobblestone":1,"minecraft:grindstone":1,"minecraft:sugar_cane":4,"minecraft:dark_oak_slab":4,"minecraft:fire":8,"minecraft:acacia_wood":1,"minecraft:stone_brick_stairs":2,"minecraft:bell":1,"minecraft:grass":5,"minecraft:bookshelf":10,"ars_nouveau:red_archwood_log":1,"minecraft:potatoes":5,"minecraft:coal_ore":17,"epicsamurai:deepslate_silver_ore":7,"minecraft:dirt":18,"minecraft:cracked_stone_bricks":2,"minecraft:acacia_planks":1,"minecraft:stone":23,"minecraft:stone_bricks":7,"ars_nouveau:purple_archwood_log":2,"minecraft:deepslate":1},"minecraft:used":{"minecraft:water_bucket":9,"minecraft:flint_and_steel":15,"minecraft:stone_pickaxe":37,"minecraft:chest":1,"minecraft:wooden_pickaxe":6,"minecraft:shield":5,"minecraft:torch":27,"minecraft:dirt":146,"minecraft:crafting_table":2,"ars_nouveau:archwood_planks":4,"minecraft:black_banner":2,"minecraft:white_bed":1,"minecraft:diamond_pickaxe":9,"minecraft:iron_pickaxe":22,"minecraft:dark_oak_slab":1,"minecraft:stone_axe":47,"minecraft:red_carpet":1,"epicsamurai:katana":109,"minecraft:cobblestone":16,"travelersbackpack:standard":4,"minecraft:cooked_porkchop":23,"minecraft:bucket":10,"minecraft:potato":24,"minecraft:acacia_planks":30,"minecraft:cobweb":1},"minecraft:custom":{"minecraft:interact_with_furnace":3,"minecraft:interact_with_anvil":1,"minecraft:mob_kills":29,"minecraft:interact_with_crafting_table":9,"minecraft:open_barrel":6,"minecraft:leave_game":1,"minecraft:time_since_death":20210,"minecraft:sleep_in_bed":5,"minecraft:climb_one_cm":498,"minecraft:time_since_rest":20296,"minecraft:sprint_one_cm":198955,"minecraft:damage_taken":5231,"minecraft:walk_one_cm":68240,"minecraft:damage_blocked_by_shield":255,"minecraft:drop":15,"minecraft:damage_dealt":7778,"minecraft:swim_one_cm":22725,"minecraft:fly_one_cm":331536,"minecraft:open_chest":43,"minecraft:play_time":131143,"minecraft:crouch_one_cm":30547,"minecraft:deaths":5,"minecraft:sneak_time":12114,"minecraft:walk_under_water_one_cm":5781,"minecraft:boat_one_cm":121589,"minecraft:jump":1687,"minecraft:interact_with_blast_furnace":2,"minecraft:walk_on_water_one_cm":9764,"minecraft:total_world_time":131143,"minecraft:fall_one_cm":69049},"minecraft:killed_by":{"irons_spellbooks:archevoker":2},"minecraft:dropped":{"minecraft:wheat_seeds":7,"epicsamurai:onyx":6,"minecraft:cooked_porkchop":3,"minecraft:dark_oak_slab":3,"epicsamurai:katana":1,"minecraft:granite":1,"minecraft:red_carpet":2,"minecraft:dirt":1,"ars_nouveau:worn_notebook":1,"minecraft:torch":1,"minecraft:spider_eye":2,"minecraft:bow":1,"minecraft:wooden_pickaxe":2,"minecraft:string":3}},"DataVersion":3465}