{"stats":{"minecraft:crafted":{"epicsamurai:katana":1,"epicsamurai:shuriken":32,"ars_nouveau:archwood_planks":36,"epicsamurai:green_samurai_chestplate":1,"irons_spellbooks:graybeard_staff":1,"minecraft:iron_boots":1,"minecraft:iron_axe":1,"minecraft:stone_pickaxe":1,"minecraft:chest":4,"epicsamurai:katana_handle":1,"minecraft:wooden_shovel":1,"epicsamurai:green_samurai_helmet":2,"minecraft:cooked_porkchop":9,"minecraft:crafting_table":1,"minecraft:wooden_pickaxe":1,"minecraft:iron_helmet":1,"epicsamurai:green_samurai_boots":1,"minecraft:bucket":2,"minecraft:stone_axe":1,"minecraft:air":0,"minecraft:stick":13,"minecraft:iron_ingot":1,"minecraft:iron_pickaxe":1,"minecraft:gold_ingot":7,"minecraft:white_bed":1,"minecraft:netherite_ingot":2,"minecraft:acacia_planks":40,"epicsamurai:steel_ingot":12,"minecraft:torch":76,"epicsamurai:green_samurai_leggings":1},"minecraft:mined":{"minecraft:dark_oak_planks":4,"minecraft:tuff":3,"minecraft:red_carpet":1,"minecraft:deepslate_diamond_ore":7,"minecraft:sculk_vein":1,"minecraft:acacia_log":9,"minecraft:grass_block":7,"epicsamurai:silver_ore":9,"minecraft:cracked_polished_blackstone_bricks":4,"epicsamurai:onyx_ore":8,"minecraft:polished_blackstone_bricks":14,"epicsamurai:deepslate_jade_ore":20,"minecraft:magma_block":1,"minecraft:furnace":1,"minecraft:fire":13,"minecraft:acacia_wood":1,"minecraft:gold_block":16,"minecraft:bell":1,"minecraft:bookshelf":10,"ars_nouveau:red_archwood_log":1,"minecraft:potatoes":5,"epicsamurai:deepslate_silver_ore":17,"irons_spellbooks:inscription_table":1,"minecraft:stone":35,"ars_nouveau:purple_archwood_log":8,"epicsamurai:jade_ore":10,"minecraft:soul_sand":2,"minecraft:blackstone":1,"epicsamurai:deepslate_aquamarine_ore":3,"travelersbackpack:standard":1,"minecraft:crafting_table":3,"minecraft:torch":1,"minecraft:lectern":1,"minecraft:tall_grass":1,"minecraft:cobblestone":1,"minecraft:grindstone":1,"minecraft:oak_planks":1,"minecraft:sugar_cane":4,"minecraft:dark_oak_slab":4,"minecraft:wheat":1,"minecraft:stone_brick_stairs":2,"minecraft:grass":16,"minecraft:coal_ore":17,"minecraft:gravel":1,"minecraft:dirt":37,"minecraft:cracked_stone_bricks":2,"minecraft:acacia_planks":1,"minecraft:stone_bricks":7,"minecraft:netherrack":53,"minecraft:deepslate":4},"minecraft:killed_by":{"minecraft:spider":1,"minecraft:zombie":1,"irons_spellbooks:archevoker":2},"minecraft:custom":{"minecraft:interact_with_anvil":1,"minecraft:mob_kills":103,"minecraft:interact_with_crafting_table":27,"minecraft:open_barrel":6,"minecraft:leave_game":38,"minecraft:time_since_death":38193,"minecraft:climb_one_cm":2862,"minecraft:sprint_one_cm":549043,"minecraft:walk_one_cm":248791,"minecraft:damage_blocked_by_shield":953,"minecraft:drop":73,"minecraft:talked_to_villager":1,"minecraft:play_time":314623,"minecraft:sneak_time":22001,"minecraft:deaths":11,"minecraft:walk_under_water_one_cm":12357,"minecraft:boat_one_cm":121589,"minecraft:jump":4285,"minecraft:interact_with_blast_furnace":30,"minecraft:walk_on_water_one_cm":17628,"minecraft:total_world_time":314623,"minecraft:interact_with_furnace":35,"minecraft:sleep_in_bed":9,"minecraft:time_since_rest":224,"minecraft:damage_taken":9431,"minecraft:damage_dealt":23146,"minecraft:player_kills":1,"minecraft:swim_one_cm":31361,"minecraft:fly_one_cm":800182,"minecraft:open_chest":326,"minecraft:crouch_one_cm":59125,"minecraft:fall_one_cm":130836,"minecraft:horse_one_cm":1512731},"minecraft:dropped":{"minecraft:water_bucket":1,"minecraft:wheat_seeds":8,"minecraft:lapis_lazuli":41,"minecraft:cooked_beef":17,"epicsamurai:onyx":12,"epicsamurai:green_samurai_helmet":2,"minecraft:cooked_porkchop":3,"minecraft:dark_oak_slab":3,"minecraft:cobblestone":31,"minecraft:granite":1,"irons_spellbooks:tarnished_helmet":1,"epicsamurai:white_samurai_leggings":1,"minecraft:red_carpet":2,"minecraft:stick":16,"irons_spellbooks:scroll":1,"minecraft:dirt":7,"ars_nouveau:worn_notebook":1,"minecraft:torch":1,"minecraft:diamond_helmet":1,"irons_spellbooks:arcane_essence":3,"irons_spellbooks:gold_spell_book":1,"minecraft:gold_nugget":6,"epicsamurai:iron_samurai_boots":1,"irons_spellbooks:common_ink":10,"minecraft:iron_pickaxe":1,"minecraft:string":5,"minecraft:bone":2,"minecraft:cobbled_deepslate":4,"minecraft:tuff":3,"minecraft:raw_iron":17,"epicsamurai:katana":4,"irons_spellbooks:graybeard_staff":1,"epicsamurai:white_samurai_chestplate":1,"minecraft:rotten_flesh":15,"minecraft:oak_planks":7,"minecraft:shield":2,"minecraft:gunpowder":7,"minecraft:diamond_pickaxe":1,"epicsamurai:iron_samurai_leggings":1,"minecraft:spider_eye":4,"minecraft:bow":2,"minecraft:wooden_pickaxe":2,"minecraft:netherrack":10,"epicsamurai:iron_samurai_chestplate":1},"minecraft:broken":{"irons_spellbooks:tarnished_helmet":1,"epicsamurai:gray_samurai_helmet":1,"epicsamurai:green_samurai_boots":1},"minecraft:picked_up":{"irons_spellbooks:scroll":3,"ars_nouveau:red_archwood_log":1,"minecraft:crafting_table":4,"minecraft:wheat":1,"irons_spellbooks:tarnished_helmet":1,"minecraft:wooden_pickaxe":1,"epicsamurai:iron_samurai_leggings":1,"minecraft:gold_block":16,"minecraft:stone_brick_stairs":2,"minecraft:shield":1,"minecraft:string":5,"irons_spellbooks:graybeard_staff":1,"epicsamurai:iron_samurai_chestplate":1,"minecraft:flint_and_steel":1,"epicsamurai:jade":30,"minecraft:blackstone":1,"minecraft:cracked_stone_bricks":2,"irons_spellbooks:arcane_essence":14,"minecraft:gold_nugget":6,"minecraft:cobbled_deepslate":11,"epicsamurai:gray_samurai_chestplate":2,"minecraft:beef":1,"epicsamurai:akaname_tongue":4,"irons_spellbooks:epic_ink":1,"minecraft:iron_pickaxe":2,"minecraft:lectern":1,"minecraft:sugar_cane":9,"irons_spellbooks:inscription_table":1,"minecraft:furnace":2,"minecraft:stick":32,"minecraft:raw_iron":17,"ars_nouveau:purple_archwood_log":8,"minecraft:torch":17,"minecraft:acacia_log":9,"minecraft:polished_blackstone_bricks":12,"minecraft:dark_oak_planks":3,"irons_spellbooks:evocation_rune":1,"irons_spellbooks:gold_spell_book":2,"minecraft:arrow":6,"minecraft:rotten_flesh":37,"minecraft:gold_ingot":38,"minecraft:black_banner":2,"minecraft:mutton":7,"minecraft:white_wool":3,"minecraft:cobblestone":59,"epicsamurai:green_samurai_boots":2,"minecraft:pink_petals":1,"minecraft:magma_block":1,"minecraft:cooked_beef":21,"minecraft:water_bucket":1,"minecraft:acacia_wood":1,"minecraft:potato":19,"minecraft:tuff":5,"minecraft:gunpowder":21,"irons_spellbooks:keeper_flamberge":1,"minecraft:dirt":166,"minecraft:cooked_mutton":6,"irons_spellbooks:common_ink":10,"minecraft:red_carpet":3,"minecraft:bone":6,"epicsamurai:gray_samurai_helmet":1,"minecraft:acacia_planks":1,"minecraft:stone_bricks":7,"minecraft:bow":2,"minecraft:wheat_seeds":11,"minecraft:bell":1,"minecraft:grindstone":1,"minecraft:cobweb":3,"travelersbackpack:coal":1,"epicsamurai:white_samurai_leggings":1,"epicsamurai:aquamarine":2,"epicsamurai:raw_silver":22,"minecraft:oak_planks":1,"minecraft:soul_sand":2,"minecraft:book":30,"epicsamurai:onyx":19,"epicsamurai:katana":4,"minecraft:dark_oak_slab":3,"minecraft:cooked_porkchop":43,"minecraft:gravel":1,"minecraft:grass_block":1,"minecraft:spider_eye":5,"epicsamurai:iron_samurai_boots":1,"travelersbackpack:standard":1,"epicsamurai:iron_samurai_helmet":1,"epicsamurai:gray_samurai_leggings":2,"minecraft:diamond":7,"minecraft:cracked_polished_blackstone_bricks":4,"minecraft:granite":1,"minecraft:sunflower":1,"minecraft:netherrack":53,"epicsamurai:white_samurai_chestplate":1,"minecraft:coal":63,"minecraft:ender_pearl":3},"minecraft:used":{"minecraft:flint_and_steel":27,"minecraft:chest":4,"minecraft:shield":22,"minecraft:rotten_flesh":1,"minecraft:netherrack":41,"minecraft:torch":79,"minecraft:soul_sand":2,"minecraft:dirt":290,"minecraft:iron_axe":9,"minecraft:dark_oak_slab":1,"minecraft:red_carpet":1,"minecraft:bow":2,"minecraft:written_book":1,"minecraft:goat_horn":4,"minecraft:furnace":1,"minecraft:potato":24,"minecraft:cobbled_deepslate":3,"minecraft:acacia_planks":30,"minecraft:water_bucket":40,"minecraft:stone_pickaxe":37,"minecraft:oak_planks":6,"minecraft:ender_pearl":2,"minecraft:wooden_pickaxe":6,"minecraft:crafting_table":3,"minecraft:black_banner":2,"ars_nouveau:archwood_planks":28,"minecraft:white_bed":1,"epicsamurai:shuriken":23,"minecraft:diamond_pickaxe":9,"minecraft:sunflower":1,"minecraft:iron_pickaxe":189,"minecraft:stone_axe":47,"minecraft:pink_petals":1,"irons_spellbooks:keeper_flamberge":1,"epicsamurai:katana":363,"minecraft:wooden_sword":1,"minecraft:cobblestone":16,"travelersbackpack:standard":4,"minecraft:cooked_porkchop":58,"minecraft:bucket":42,"irons_spellbooks:inscription_table":1,"minecraft:cobweb":1},"minecraft:killed":{"minecraft:cave_spider":2,"irons_spellbooks:summoned_zombie":1,"minecraft:spider":8,"minecraft:skeleton":4,"irons_spellbooks:archevoker":1,"irons_spellbooks:summoned_skeleton":2,"minecraft:piglin_brute":3,"irons_spellbooks:spectral_steed":3,"epicsamurai:enenra":2,"minecraft:piglin":3,"ars_nouveau:starbuncle":1,"epicsamurai:akaname":4,"irons_spellbooks:necromancer":4,"minecraft:creeper":9,"minecraft:sheep":5,"minecraft:pillager":4,"irons_spellbooks:summoned_vex":5,"minecraft:zombie":28,"ars_nouveau:whirlisprig":4,"minecraft:enderman":2,"minecraft:cow":1}},"DataVersion":3465}