{"stats":{"minecraft:custom":{"minecraft:mob_kills":71,"minecraft:interact_with_anvil":1,"minecraft:interact_with_crafting_table":12,"minecraft:open_barrel":6,"minecraft:leave_game":1,"minecraft:time_since_death":37589,"minecraft:climb_one_cm":2862,"minecraft:sprint_one_cm":374425,"minecraft:walk_one_cm":134878,"minecraft:damage_blocked_by_shield":953,"minecraft:drop":42,"minecraft:talked_to_villager":1,"minecraft:play_time":190773,"minecraft:deaths":6,"minecraft:sneak_time":16204,"minecraft:walk_under_water_one_cm":10036,"minecraft:boat_one_cm":121589,"minecraft:jump":2898,"minecraft:interact_with_blast_furnace":9,"minecraft:walk_on_water_one_cm":13087,"minecraft:total_world_time":190773,"minecraft:interact_with_furnace":11,"minecraft:sleep_in_bed":5,"minecraft:time_since_rest":37649,"minecraft:damage_taken":6479,"minecraft:damage_dealt":15783,"minecraft:swim_one_cm":25403,"minecraft:fly_one_cm":614110,"minecraft:open_chest":113,"minecraft:crouch_one_cm":39105,"minecraft:fall_one_cm":101388,"minecraft:horse_one_cm":6970},"minecraft:killed":{"minecraft:cave_spider":2,"irons_spellbooks:summoned_zombie":1,"minecraft:spider":5,"minecraft:skeleton":4,"irons_spellbooks:archevoker":1,"irons_spellbooks:summoned_skeleton":2,"epicsamurai:enenra":2,"ars_nouveau:starbuncle":1,"irons_spellbooks:necromancer":3,"minecraft:creeper":7,"minecraft:sheep":3,"minecraft:pillager":4,"irons_spellbooks:summoned_vex":5,"minecraft:zombie":19,"ars_nouveau:whirlisprig":4,"minecraft:cow":1,"minecraft:enderman":1},"minecraft:dropped":{"minecraft:wheat_seeds":7,"minecraft:lapis_lazuli":41,"minecraft:cooked_beef":17,"epicsamurai:onyx":12,"minecraft:cooked_porkchop":3,"minecraft:dark_oak_slab":3,"minecraft:cobblestone":16,"minecraft:granite":1,"epicsamurai:white_samurai_leggings":1,"minecraft:red_carpet":2,"minecraft:stick":2,"minecraft:dirt":1,"ars_nouveau:worn_notebook":1,"minecraft:torch":1,"minecraft:iron_pickaxe":1,"minecraft:string":4,"minecraft:bone":2,"minecraft:cobbled_deepslate":4,"minecraft:tuff":2,"minecraft:raw_iron":17,"epicsamurai:katana":2,"minecraft:rotten_flesh":4,"epicsamurai:white_samurai_chestplate":1,"minecraft:oak_planks":7,"minecraft:shield":1,"minecraft:gunpowder":7,"minecraft:spider_eye":4,"minecraft:bow":2,"minecraft:wooden_pickaxe":2},"minecraft:killed_by":{"irons_spellbooks:archevoker":2},"minecraft:picked_up":{"irons_spellbooks:scroll":2,"ars_nouveau:red_archwood_log":1,"minecraft:crafting_table":4,"minecraft:wheat":1,"minecraft:wooden_pickaxe":1,"minecraft:stone_brick_stairs":2,"minecraft:shield":1,"minecraft:string":2,"minecraft:flint_and_steel":1,"epicsamurai:jade":16,"minecraft:cracked_stone_bricks":2,"irons_spellbooks:arcane_essence":11,"minecraft:cobbled_deepslate":9,"epicsamurai:gray_samurai_chestplate":2,"minecraft:beef":1,"irons_spellbooks:epic_ink":1,"minecraft:iron_pickaxe":2,"minecraft:lectern":1,"minecraft:sugar_cane":9,"irons_spellbooks:inscription_table":1,"minecraft:furnace":2,"minecraft:stick":32,"minecraft:raw_iron":17,"ars_nouveau:purple_archwood_log":2,"minecraft:torch":17,"minecraft:acacia_log":9,"minecraft:dark_oak_planks":3,"irons_spellbooks:gold_spell_book":1,"irons_spellbooks:evocation_rune":1,"minecraft:arrow":5,"minecraft:rotten_flesh":22,"minecraft:black_banner":2,"minecraft:mutton":4,"minecraft:white_wool":3,"minecraft:cobblestone":50,"epicsamurai:green_samurai_boots":2,"minecraft:cooked_beef":17,"minecraft:water_bucket":1,"minecraft:acacia_wood":1,"minecraft:potato":19,"minecraft:tuff":4,"minecraft:gunpowder":17,"minecraft:dirt":145,"minecraft:red_carpet":3,"minecraft:bone":4,"epicsamurai:gray_samurai_helmet":1,"minecraft:acacia_planks":1,"minecraft:stone_bricks":7,"minecraft:bow":2,"minecraft:wheat_seeds":9,"minecraft:bell":1,"minecraft:grindstone":1,"minecraft:cobweb":3,"travelersbackpack:coal":1,"epicsamurai:white_samurai_leggings":1,"epicsamurai:aquamarine":2,"minecraft:oak_planks":1,"epicsamurai:raw_silver":21,"minecraft:book":30,"epicsamurai:onyx":19,"epicsamurai:katana":3,"minecraft:dark_oak_slab":3,"minecraft:cooked_porkchop":28,"minecraft:gravel":1,"minecraft:spider_eye":5,"travelersbackpack:standard":1,"epicsamurai:gray_samurai_leggings":2,"minecraft:diamond":4,"minecraft:granite":1,"epicsamurai:white_samurai_chestplate":1,"minecraft:coal":63,"minecraft:ender_pearl":1},"minecraft:mined":{"minecraft:dark_oak_planks":4,"minecraft:red_carpet":1,"minecraft:tuff":2,"minecraft:deepslate_diamond_ore":4,"minecraft:sculk_vein":1,"minecraft:acacia_log":9,"minecraft:grass_block":1,"epicsamurai:silver_ore":4,"epicsamurai:onyx_ore":8,"epicsamurai:deepslate_jade_ore":6,"minecraft:furnace":1,"minecraft:fire":13,"minecraft:acacia_wood":1,"minecraft:bell":1,"minecraft:potatoes":5,"minecraft:bookshelf":10,"ars_nouveau:red_archwood_log":1,"epicsamurai:deepslate_silver_ore":17,"irons_spellbooks:inscription_table":1,"minecraft:stone":26,"ars_nouveau:purple_archwood_log":2,"epicsamurai:jade_ore":10,"travelersbackpack:standard":1,"epicsamurai:deepslate_aquamarine_ore":3,"minecraft:crafting_table":3,"minecraft:torch":1,"minecraft:lectern":1,"minecraft:cobblestone":1,"minecraft:grindstone":1,"minecraft:oak_planks":1,"minecraft:sugar_cane":4,"minecraft:dark_oak_slab":4,"minecraft:wheat":1,"minecraft:stone_brick_stairs":2,"minecraft:grass":11,"minecraft:coal_ore":17,"minecraft:gravel":1,"minecraft:dirt":18,"minecraft:cracked_stone_bricks":2,"minecraft:acacia_planks":1,"minecraft:stone_bricks":7,"minecraft:deepslate":2},"minecraft:crafted":{"epicsamurai:shuriken":32,"ars_nouveau:archwood_planks":12,"irons_spellbooks:graybeard_staff":1,"minecraft:stone_pickaxe":1,"minecraft:chest":4,"minecraft:wooden_shovel":1,"minecraft:crafting_table":1,"minecraft:wooden_pickaxe":1,"minecraft:bucket":1,"minecraft:stone_axe":1,"minecraft:air":0,"minecraft:stick":12,"minecraft:iron_ingot":1,"minecraft:white_bed":1,"minecraft:acacia_planks":40,"minecraft:torch":76},"minecraft:used":{"minecraft:flint_and_steel":27,"minecraft:chest":4,"minecraft:shield":22,"minecraft:torch":79,"minecraft:dirt":177,"minecraft:dark_oak_slab":1,"minecraft:red_carpet":1,"minecraft:bow":2,"minecraft:written_book":1,"minecraft:furnace":1,"minecraft:goat_horn":4,"minecraft:potato":24,"minecraft:cobbled_deepslate":1,"minecraft:acacia_planks":30,"minecraft:water_bucket":26,"minecraft:stone_pickaxe":37,"minecraft:oak_planks":6,"minecraft:ender_pearl":1,"minecraft:wooden_pickaxe":6,"minecraft:crafting_table":3,"ars_nouveau:archwood_planks":4,"minecraft:black_banner":2,"minecraft:white_bed":1,"epicsamurai:shuriken":7,"minecraft:diamond_pickaxe":9,"minecraft:iron_pickaxe":66,"minecraft:stone_axe":47,"epicsamurai:katana":236,"minecraft:cobblestone":16,"travelersbackpack:standard":4,"minecraft:cooked_porkchop":38,"minecraft:bucket":27,"minecraft:cobweb":1,"irons_spellbooks:inscription_table":1}},"DataVersion":3465}