{"stats":{"minecraft:killed":{"minecraft:pig":1},"minecraft:custom":{"minecraft:open_chest":10,"minecraft:time_since_rest":110,"minecraft:crouch_one_cm":1876,"minecraft:play_time":10370,"minecraft:sprint_one_cm":17957,"minecraft:deaths":1,"minecraft:damage_taken":292,"minecraft:walk_one_cm":11954,"minecraft:sneak_time":640,"minecraft:mob_kills":1,"minecraft:drop":1,"minecraft:jump":189,"minecraft:damage_dealt":1056,"minecraft:leave_game":1,"minecraft:time_since_death":74,"minecraft:total_world_time":10370,"minecraft:interact_with_crafting_table":1,"minecraft:fall_one_cm":6185,"minecraft:fly_one_cm":36082},"minecraft:picked_up":{"epicsamurai:iron_samurai_chestplate":1,"epicsamurai:iron_samurai_boots":1,"minecraft:cooked_mutton":7,"epicsamurai:katana":1,"epicsamurai:iron_samurai_helmet":1,"minecraft:wheat_seeds":2,"minecraft:cobbled_deepslate":12,"epicsamurai:iron_samurai_leggings":1,"minecraft:porkchop":2,"minecraft:iron_pickaxe":2,"minecraft:baked_potato":20,"minecraft:wither_skeleton_skull":1},"minecraft:killed_by":{"minecraft:wither":1},"minecraft:used":{"epicsamurai:katana":11,"minecraft:cobblestone":16,"minecraft:wither_skeleton_skull":1,"minecraft:baked_potato":2,"minecraft:bucket":1},"minecraft:mined":{"minecraft:grass":1},"minecraft:crafted":{"minecraft:bucket":1},"minecraft:dropped":{"minecraft:cooked_mutton":7}},"DataVersion":3465}