{"stats":{"minecraft:custom":{"minecraft:mob_kills":32,"minecraft:interact_with_crafting_table":13,"minecraft:open_barrel":10,"minecraft:leave_game":3,"minecraft:time_since_death":159,"minecraft:climb_one_cm":1946,"minecraft:sprint_one_cm":251670,"minecraft:walk_one_cm":102941,"minecraft:drop":33,"minecraft:play_time":126773,"minecraft:deaths":9,"minecraft:sneak_time":2935,"minecraft:walk_under_water_one_cm":3854,"minecraft:boat_one_cm":95905,"minecraft:interact_with_lectern":1,"minecraft:jump":2631,"minecraft:walk_on_water_one_cm":16883,"minecraft:total_world_time":126773,"minecraft:sleep_in_bed":11,"minecraft:time_since_rest":201,"minecraft:damage_taken":3746,"minecraft:damage_dealt":5891,"minecraft:swim_one_cm":34559,"minecraft:fly_one_cm":543044,"minecraft:open_chest":42,"minecraft:crouch_one_cm":7709,"minecraft:fall_one_cm":68131},"minecraft:killed_by":{"minecraft:player":3,"minecraft:skeleton":2,"irons_spellbooks:archevoker":1,"minecraft:vex":2},"minecraft:used":{"minecraft:chest":3,"travelersbackpack:black_sleeping_bag":5,"minecraft:torch":1,"minecraft:dirt":9,"minecraft:crimson_planks":53,"minecraft:goat_horn":1,"minecraft:acacia_planks":28,"minecraft:water_bucket":13,"minecraft:stone_pickaxe":9,"minecraft:baked_potato":24,"minecraft:oak_planks":1,"minecraft:wooden_pickaxe":27,"minecraft:crafting_table":3,"minecraft:red_bed":2,"ars_nouveau:archwood_planks":4,"minecraft:crossbow":1,"minecraft:diamond_pickaxe":170,"ars_elemental:flashpine_pod":3,"minecraft:bread":2,"minecraft:stone_axe":14,"epicsamurai:katana":109,"minecraft:cobblestone":35,"minecraft:bucket":13,"minecraft:yellow_bed":1},"minecraft:killed":{"minecraft:cave_spider":1,"irons_spellbooks:priest":2,"minecraft:spider":1,"minecraft:vindicator":1,"minecraft:skeleton":3,"minecraft:chicken":1,"ars_nouveau:starbuncle":1,"minecraft:sheep":9,"minecraft:zombie":2,"minecraft:cow":11},"minecraft:crafted":{"minecraft:oak_planks":40,"ars_nouveau:archwood_planks":4,"minecraft:stone_pickaxe":1,"minecraft:chest":2,"minecraft:crafting_table":2,"minecraft:wooden_pickaxe":1,"minecraft:stone_axe":1,"minecraft:diamond_pickaxe":1,"minecraft:stick":28,"minecraft:acacia_planks":28,"minecraft:torch":8,"irons_spellbooks:magic_cloth":1},"minecraft:dropped":{"minecraft:wheat_seeds":1,"minecraft:lapis_lazuli":33,"minecraft:diamond":38,"minecraft:feather":23,"minecraft:leather":8,"travelersbackpack:blue_sleeping_bag":1,"minecraft:iron_horse_armor":1,"minecraft:red_mushroom":26,"irons_spellbooks:scroll":1,"irons_spellbooks:hogskin":2,"minecraft:crimson_roots":18,"irons_spellbooks:cinder_essence":5,"irons_spellbooks:arcane_essence":2,"minecraft:gold_nugget":36,"minecraft:amethyst_shard":12,"minecraft:paper":1,"minecraft:redstone":64,"minecraft:gold_ingot":52,"minecraft:bone":7,"minecraft:crimson_fungus":2,"minecraft:sugar_cane":19,"minecraft:wheat":34,"minecraft:chicken":1,"minecraft:carrot":1,"minecraft:beetroot_seeds":1,"minecraft:bamboo":192,"minecraft:slime_ball":6,"minecraft:arrow":23,"minecraft:quartz":13},"minecraft:picked_up":{"irons_spellbooks:scroll":3,"ars_nouveau:red_archwood_log":1,"minecraft:crafting_table":2,"minecraft:wheat":17,"minecraft:chicken":1,"epicsamurai:iron_samurai_leggings":1,"irons_spellbooks:holy_rune":2,"minecraft:string":1,"minecraft:red_bed":2,"epicsamurai:iron_samurai_chestplate":1,"minecraft:iron_leggings":1,"epicsamurai:jade":4,"irons_spellbooks:arcane_essence":10,"minecraft:candle":2,"minecraft:cobbled_deepslate":111,"minecraft:beef":16,"travelersbackpack:black_sleeping_bag":6,"minecraft:chest":1,"ars_elemental:flashpine_pod":6,"minecraft:iron_boots":1,"minecraft:raw_iron":1,"minecraft:torch":8,"minecraft:acacia_log":7,"minecraft:carrot":2,"minecraft:orange_bed":2,"minecraft:arrow":2,"minecraft:rotten_flesh":4,"minecraft:beetroot_seeds":1,"ars_nouveau:worn_notebook":1,"minecraft:mutton":14,"minecraft:white_wool":8,"minecraft:cobblestone":40,"minecraft:leather":22,"minecraft:potato":23,"minecraft:tuff":54,"minecraft:oak_log":10,"minecraft:yellow_bed":1,"minecraft:dirt":10,"minecraft:paper":1,"irons_spellbooks:rare_ink":1,"minecraft:stone_bricks":4,"minecraft:wheat_seeds":7,"minecraft:stone_pickaxe":1,"minecraft:bamboo":128,"minecraft:oak_planks":12,"epicsamurai:katana":1,"irons_spellbooks:legendary_ink":1,"travelersbackpack:blue_sleeping_bag":1,"minecraft:spider_eye":1,"epicsamurai:straw_hat":1,"epicsamurai:iron_samurai_boots":1,"epicsamurai:iron_samurai_helmet":1,"minecraft:stone_axe":1,"minecraft:iron_helmet":1,"minecraft:bread":52,"minecraft:baked_potato":36,"minecraft:black_wool":1,"minecraft:coal":12,"minecraft:crimson_roots":18,"minecraft:sunflower":3},"minecraft:mined":{"minecraft:tuff":54,"minecraft:candle":1,"travelersbackpack:blue_sleeping_bag":1,"minecraft:acacia_log":7,"minecraft:grass_block":4,"epicsamurai:deepslate_jade_ore":4,"minecraft:carrots":2,"minecraft:barrel":1,"ars_nouveau:red_archwood_log":1,"minecraft:potatoes":21,"minecraft:deepslate_iron_ore":1,"travelersbackpack:black_sleeping_bag":6,"minecraft:stone":16,"minecraft:orange_bed":1,"minecraft:acacia_leaves":2,"minecraft:glass_pane":1,"minecraft:red_bed":2,"minecraft:crafting_table":2,"minecraft:torch":1,"ars_elemental:flashpine_pod":2,"minecraft:chest":1,"minecraft:tall_grass":6,"minecraft:cobblestone":10,"ars_elemental:yellow_archwood_log":1,"minecraft:wheat":1,"minecraft:yellow_bed":1,"minecraft:grass":32,"minecraft:oak_log":10,"minecraft:coal_ore":7,"minecraft:beetroots":1,"minecraft:sunflower":3,"minecraft:dirt":5,"minecraft:stone_bricks":2,"minecraft:oak_leaves":1,"minecraft:deepslate":111}},"DataVersion":3465}